Start (ns),Duration (ns),CorrId,GrdX,GrdY,GrdZ,BlkX,BlkY,BlkZ,Reg/Trd,StcSMem (MB),DymSMem (MB),Bytes (MB),Throughput (MB/s),SrcMemKd,DstMemKd,Device,Ctx,GreenCtx,Strm,Name
62067570,1184,2206,,,,,,,,,,0.000,3.378,Pinned,Device,NVIDIA H100 80GB HBM3 (1),1,,17,[CUDA memcpy Host-to-Device]
62269393,4288,2222,1,1,1,128,1,1,32,0.000,0.000,,,,,NVIDIA H100 80GB HBM3 (1),1,,17,_apply_write_kernel
62332629,1216,2214,,,,,,,,,,0.000,3.289,Pinned,Device,NVIDIA H100 80GB HBM3 (0),1,,17,[CUDA memcpy Host-to-Device]
62474997,3968,2230,1,1,1,128,1,1,32,0.000,0.000,,,,,NVIDIA H100 80GB HBM3 (0),1,,17,_apply_write_kernel
66396733,11200,2246,,,,,,,,,,0.165,14719.882,Pinned,Device,NVIDIA H100 80GB HBM3 (1),1,,17,[CUDA memcpy Host-to-Device]
66491580,17216,2262,1,1,1,128,1,1,32,0.000,0.000,,,,,NVIDIA H100 80GB HBM3 (1),1,,17,_apply_write_kernel
66645816,12864,2254,,,,,,,,,,0.165,12815.868,Pinned,Device,NVIDIA H100 80GB HBM3 (0),1,,17,[CUDA memcpy Host-to-Device]
66667195,896,2286,,,,,,,,,,0.000,4.464,Pinned,Device,NVIDIA H100 80GB HBM3 (1),1,,17,[CUDA memcpy Host-to-Device]
66727547,3776,2302,1,1,1,128,1,1,32,0.000,0.000,,,,,NVIDIA H100 80GB HBM3 (1),1,,17,_apply_write_kernel
66732760,16864,2270,1,1,1,128,1,1,32,0.000,0.000,,,,,NVIDIA H100 80GB HBM3 (0),1,,17,_apply_write_kernel
66897976,864,2294,,,,,,,,,,0.000,4.630,Pinned,Device,NVIDIA H100 80GB HBM3 (0),1,,17,[CUDA memcpy Host-to-Device]
66957752,3808,2310,1,1,1,128,1,1,32,0.000,0.000,,,,,NVIDIA H100 80GB HBM3 (0),1,,17,_apply_write_kernel
66973146,928,2368,,,,,,,,,,0.001,1387.931,Pinned,Device,NVIDIA H100 80GB HBM3 (1),1,,17,[CUDA memcpy Host-to-Device]
67021818,3552,2384,1,1,1,128,1,1,32,0.000,0.000,,,,,NVIDIA H100 80GB HBM3 (1),1,,17,_apply_write_kernel
67125945,1504,2393,1,1,1,128,1,1,16,0.000,0.000,,,,,NVIDIA H100 80GB HBM3 (1),1,,17,"void at::native::vectorized_elementwise_kernel<(int)8, at::native::FillFunctor<bool>, std::array<char *, (unsigned long)1>>(int, T2, T3)"
67170425,928,2376,,,,,,,,,,0.001,1387.931,Pinned,Device,NVIDIA H100 80GB HBM3 (0),1,,17,[CUDA memcpy Host-to-Device]
67219737,3616,2392,1,1,1,128,1,1,32,0.000,0.000,,,,,NVIDIA H100 80GB HBM3 (0),1,,17,_apply_write_kernel
67261816,864,2424,,,,,,,,,,0.000,9.259,Pinned,Device,NVIDIA H100 80GB HBM3 (1),1,,17,[CUDA memcpy Host-to-Device]
67297881,1504,2401,1,1,1,128,1,1,16,0.000,0.000,,,,,NVIDIA H100 80GB HBM3 (0),1,,17,"void at::native::vectorized_elementwise_kernel<(int)8, at::native::FillFunctor<bool>, std::array<char *, (unsigned long)1>>(int, T2, T3)"
67341336,1344,2448,1,1,1,64,1,1,16,0.000,0.000,,,,,NVIDIA H100 80GB HBM3 (1),1,,17,"void <unnamed>::elementwise_kernel_with_index<int, at::native::arange_cuda_out(const c10::Scalar &, const c10::Scalar &, const c10::Scalar &, at::Tensor &)::[lambda() (instance 1)]::operator ()() const::[lambda() (instance 3)]::operator ()() const::[lambda(long) (instance 1)]>(T1, T2, function_traits<T2>::result_type *)"
67381944,1152,2462,1,1,1,128,1,1,16,0.000,0.000,,,,,NVIDIA H100 80GB HBM3 (1),1,,17,"void at::native::vectorized_elementwise_kernel<(int)4, at::native::FillFunctor<int>, std::array<char *, (unsigned long)1>>(int, T2, T3)"
67409241,864,2432,,,,,,,,,,0.000,9.259,Pinned,Device,NVIDIA H100 80GB HBM3 (0),1,,17,[CUDA memcpy Host-to-Device]
67466519,896,2482,,,,,,,,,,0.000,8.929,Pinned,Device,NVIDIA H100 80GB HBM3 (1),1,,17,[CUDA memcpy Host-to-Device]
67467705,1344,2456,1,1,1,64,1,1,16,0.000,0.000,,,,,NVIDIA H100 80GB HBM3 (0),1,,17,"void <unnamed>::elementwise_kernel_with_index<int, at::native::arange_cuda_out(const c10::Scalar &, const c10::Scalar &, const c10::Scalar &, at::Tensor &)::[lambda() (instance 1)]::operator ()() const::[lambda() (instance 3)]::operator ()() const::[lambda(long) (instance 1)]>(T1, T2, function_traits<T2>::result_type *)"
67498105,1184,2470,1,1,1,128,1,1,16,0.000,0.000,,,,,NVIDIA H100 80GB HBM3 (0),1,,17,"void at::native::vectorized_elementwise_kernel<(int)4, at::native::FillFunctor<int>, std::array<char *, (unsigned long)1>>(int, T2, T3)"
67577721,896,2490,,,,,,,,,,0.000,8.929,Pinned,Device,NVIDIA H100 80GB HBM3 (0),1,,17,[CUDA memcpy Host-to-Device]
67640599,3999,2505,1,1,1,128,1,1,32,0.000,0.000,,,,,NVIDIA H100 80GB HBM3 (1),1,,17,_prepare_prefill_inputs_kernel
67687574,1696,2513,2,1,1,128,1,1,29,0.000,0.000,,,,,NVIDIA H100 80GB HBM3 (1),1,,17,_prepare_pos_seq_lens_kernel
67713817,3872,2513,1,1,1,128,1,1,32,0.000,0.000,,,,,NVIDIA H100 80GB HBM3 (0),1,,17,_prepare_prefill_inputs_kernel
67738966,1440,2521,1,1,1,128,1,1,16,0.000,0.000,,,,,NVIDIA H100 80GB HBM3 (1),1,,17,_dcp_local_seq_lens_kernel
67759417,1632,2521,2,1,1,128,1,1,29,0.000,0.000,,,,,NVIDIA H100 80GB HBM3 (0),1,,17,_prepare_pos_seq_lens_kernel
67809241,1440,2529,1,1,1,128,1,1,16,0.000,0.000,,,,,NVIDIA H100 80GB HBM3 (0),1,,17,_dcp_local_seq_lens_kernel
67812694,2592,2542,1,1,1,128,1,1,18,0.000,0.000,,,,,NVIDIA H100 80GB HBM3 (1),1,,17,_combine_sampled_and_draft_tokens_kernel
67879481,2464,2550,1,1,1,128,1,1,18,0.000,0.000,,,,,NVIDIA H100 80GB HBM3 (0),1,,17,_combine_sampled_and_draft_tokens_kernel
68080084,960,2573,,,,,,,,,,0.002,2133.332,Pinned,Device,NVIDIA H100 80GB HBM3 (1),1,,17,[CUDA memcpy Host-to-Device]
68120089,960,2581,,,,,,,,,,0.002,2133.332,Pinned,Device,NVIDIA H100 80GB HBM3 (0),1,,17,[CUDA memcpy Host-to-Device]
68124756,960,2605,,,,,,,,,,0.002,2133.332,Pinned,Device,NVIDIA H100 80GB HBM3 (1),1,,17,[CUDA memcpy Host-to-Device]
68165017,896,2613,,,,,,,,,,0.002,2285.713,Pinned,Device,NVIDIA H100 80GB HBM3 (0),1,,17,[CUDA memcpy Host-to-Device]
68165108,896,2637,,,,,,,,,,0.000,285.714,Pinned,Device,NVIDIA H100 80GB HBM3 (1),1,,17,[CUDA memcpy Host-to-Device]
68204025,896,2645,,,,,,,,,,0.000,285.714,Pinned,Device,NVIDIA H100 80GB HBM3 (0),1,,17,[CUDA memcpy Host-to-Device]
68441561,2304,2668,1,1,1,128,1,1,32,0.000,0.000,,,,,NVIDIA H100 80GB HBM3 (0),1,,17,"void at::native::_scatter_gather_elementwise_kernel<(int)128, (int)8, void at::native::_cuda_scatter_gather_internal_kernel<(bool)0, at::native::OpaqueType<(int)4>, long>::operator ()<at::native::TensorAssign>(at::TensorIterator &, long, long, long, const T1 &)::[lambda(int) (instance 1)]>(int, T3)"
68444915,2400,2660,1,1,1,128,1,1,32,0.000,0.000,,,,,NVIDIA H100 80GB HBM3 (1),1,,17,"void at::native::_scatter_gather_elementwise_kernel<(int)128, (int)8, void at::native::_cuda_scatter_gather_internal_kernel<(bool)0, at::native::OpaqueType<(int)4>, long>::operator ()<at::native::TensorAssign>(at::TensorIterator &, long, long, long, const T1 &)::[lambda(int) (instance 1)]>(int, T3)"
68512089,736,2688,,,,,,,,,,0.000,16.304,Pinned,Device,NVIDIA H100 80GB HBM3 (0),1,,17,[CUDA memcpy Host-to-Device]
68514354,736,2680,,,,,,,,,,0.000,16.304,Pinned,Device,NVIDIA H100 80GB HBM3 (1),1,,17,[CUDA memcpy Host-to-Device]
68562490,800,2723,,,,,,,,,,0.000,20.000,Pinned,Device,NVIDIA H100 80GB HBM3 (0),1,,17,[CUDA memcpy Host-to-Device]
68564242,800,2715,,,,,,,,,,0.000,20.000,Pinned,Device,NVIDIA H100 80GB HBM3 (1),1,,17,[CUDA memcpy Host-to-Device]
68597722,768,2755,,,,,,,,,,0.000,10.417,Pinned,Device,NVIDIA H100 80GB HBM3 (0),1,,17,[CUDA memcpy Host-to-Device]
68600242,768,2747,,,,,,,,,,0.000,10.417,Pinned,Device,NVIDIA H100 80GB HBM3 (1),1,,17,[CUDA memcpy Host-to-Device]
68665210,2048,2779,3,1,1,128,1,1,30,0.000,0.000,,,,,NVIDIA H100 80GB HBM3 (0),1,,17,_prepare_pos_seq_lens_kernel
68667825,2144,2771,3,1,1,128,1,1,30,0.000,0.000,,,,,NVIDIA H100 80GB HBM3 (1),1,,17,_prepare_pos_seq_lens_kernel
68699450,1472,2791,1,1,1,128,1,1,16,0.000,0.000,,,,,NVIDIA H100 80GB HBM3 (0),1,,17,"void at::native::vectorized_elementwise_kernel<(int)8, at::native::FillFunctor<bool>, std::array<char *, (unsigned long)1>>(int, T2, T3)"
68702161,1472,2783,1,1,1,128,1,1,16,0.000,0.000,,,,,NVIDIA H100 80GB HBM3 (1),1,,17,"void at::native::vectorized_elementwise_kernel<(int)8, at::native::FillFunctor<bool>, std::array<char *, (unsigned long)1>>(int, T2, T3)"
68739802,1120,2814,1,1,1,64,1,1,16,0.000,0.000,,,,,NVIDIA H100 80GB HBM3 (0),1,,17,"void <unnamed>::elementwise_kernel_with_index<int, at::native::arange_cuda_out(const c10::Scalar &, const c10::Scalar &, const c10::Scalar &, at::Tensor &)::[lambda() (instance 1)]::operator ()() const::[lambda() (instance 3)]::operator ()() const::[lambda(long) (instance 1)]>(T1, T2, function_traits<T2>::result_type *)"
68742609,1120,2806,1,1,1,64,1,1,16,0.000,0.000,,,,,NVIDIA H100 80GB HBM3 (1),1,,17,"void <unnamed>::elementwise_kernel_with_index<int, at::native::arange_cuda_out(const c10::Scalar &, const c10::Scalar &, const c10::Scalar &, at::Tensor &)::[lambda() (instance 1)]::operator ()() const::[lambda() (instance 3)]::operator ()() const::[lambda(long) (instance 1)]>(T1, T2, function_traits<T2>::result_type *)"
68805850,2592,2835,2,1,1,128,1,1,18,0.000,0.000,,,,,NVIDIA H100 80GB HBM3 (0),1,,17,_combine_sampled_and_draft_tokens_kernel
68807473,2688,2827,2,1,1,128,1,1,18,0.000,0.000,,,,,NVIDIA H100 80GB HBM3 (1),1,,17,_combine_sampled_and_draft_tokens_kernel
68861050,1504,2840,1,1,1,128,1,1,16,0.000,0.000,,,,,NVIDIA H100 80GB HBM3 (0),1,,17,_dcp_local_seq_lens_kernel
68869808,1504,2832,1,1,1,128,1,1,16,0.000,0.000,,,,,NVIDIA H100 80GB HBM3 (1),1,,17,_dcp_local_seq_lens_kernel
68892442,1344,2854,1,1,1,128,1,1,16,0.000,0.000,,,,,NVIDIA H100 80GB HBM3 (0),1,,17,"void at::native::vectorized_elementwise_kernel<(int)4, at::native::FillFunctor<int>, std::array<char *, (unsigned long)1>>(int, T2, T3)"
68901072,1312,2846,1,1,1,128,1,1,16,0.000,0.000,,,,,NVIDIA H100 80GB HBM3 (1),1,,17,"void at::native::vectorized_elementwise_kernel<(int)4, at::native::FillFunctor<int>, std::array<char *, (unsigned long)1>>(int, T2, T3)"
68984634,3456,2873,1,2,1,128,1,1,32,0.000,0.000,,,,,NVIDIA H100 80GB HBM3 (0),1,,17,_gather_block_tables_kernel
68992752,3456,2865,1,2,1,128,1,1,32,0.000,0.000,,,,,NVIDIA H100 80GB HBM3 (1),1,,17,_gather_block_tables_kernel
69045690,4000,2886,1,2,1,128,1,1,56,0.000,0.000,,,,,NVIDIA H100 80GB HBM3 (0),1,,17,_compute_slot_mappings_kernel
69058191,4064,2878,1,2,1,128,1,1,56,0.000,0.000,,,,,NVIDIA H100 80GB HBM3 (1),1,,17,_compute_slot_mappings_kernel
69101978,3040,2899,1,1,1,128,1,1,32,0.000,0.000,,,,,NVIDIA H100 80GB HBM3 (0),1,,17,"void at::native::_scatter_gather_elementwise_kernel<(int)128, (int)8, void at::native::_cuda_scatter_gather_internal_kernel<(bool)0, at::native::OpaqueType<(int)8>, long>::operator ()<at::native::TensorAssign>(at::TensorIterator &, long, long, long, const T1 &)::[lambda(int) (instance 1)]>(int, T3)"
69119855,2976,2891,1,1,1,128,1,1,32,0.000,0.000,,,,,NVIDIA H100 80GB HBM3 (1),1,,17,"void at::native::_scatter_gather_elementwise_kernel<(int)128, (int)8, void at::native::_cuda_scatter_gather_internal_kernel<(bool)0, at::native::OpaqueType<(int)8>, long>::operator ()<at::native::TensorAssign>(at::TensorIterator &, long, long, long, const T1 &)::[lambda(int) (instance 1)]>(int, T3)"
69142330,2528,2907,1,1,1,128,1,1,20,0.000,0.000,,,,,NVIDIA H100 80GB HBM3 (0),1,,17,"void at::native::elementwise_kernel<(int)128, (int)2, void at::native::gpu_kernel_impl_nocast<at::native::<unnamed>::where_kernel_impl(at::TensorIterator &)::[lambda() (instance 1)]::operator ()() const::[lambda() (instance 4)]::operator ()() const::[lambda(bool, unsigned long, unsigned long) (instance 1)]>(at::TensorIteratorBase &, const T1 &)::[lambda(int) (instance 1)]>(int, T3)"
69158031,2496,2899,1,1,1,128,1,1,20,0.000,0.000,,,,,NVIDIA H100 80GB HBM3 (1),1,,17,"void at::native::elementwise_kernel<(int)128, (int)2, void at::native::gpu_kernel_impl_nocast<at::native::<unnamed>::where_kernel_impl(at::TensorIterator &)::[lambda() (instance 1)]::operator ()() const::[lambda() (instance 4)]::operator ()() const::[lambda(bool, unsigned long, unsigned long) (instance 1)]>(at::TensorIteratorBase &, const T1 &)::[lambda(int) (instance 1)]>(int, T3)"
69346042,1824,2935,1,1,1,128,1,1,18,0.000,0.000,,,,,NVIDIA H100 80GB HBM3 (0),1,,17,"void at::native::elementwise_kernel<(int)128, (int)2, void at::native::gpu_kernel_impl_nocast<at::native::CUDAFunctor_add<int>>(at::TensorIteratorBase &, const T1 &)::[lambda(int) (instance 1)]>(int, T3)"
69387182,1984,2927,1,1,1,128,1,1,18,0.000,0.000,,,,,NVIDIA H100 80GB HBM3 (1),1,,17,"void at::native::elementwise_kernel<(int)128, (int)2, void at::native::gpu_kernel_impl_nocast<at::native::CUDAFunctor_add<int>>(at::TensorIteratorBase &, const T1 &)::[lambda(int) (instance 1)]>(int, T3)"
69744538,800,2965,,,,,,,,,,0.000,15.000,Pinned,Device,NVIDIA H100 80GB HBM3 (0),1,,17,[CUDA memcpy Host-to-Device]
69771212,768,2957,,,,,,,,,,0.000,15.625,Pinned,Device,NVIDIA H100 80GB HBM3 (1),1,,17,[CUDA memcpy Host-to-Device]
69790010,800,2994,,,,,,,,,,0.000,25.000,Pinned,Device,NVIDIA H100 80GB HBM3 (0),1,,17,[CUDA memcpy Host-to-Device]
69816236,768,2986,,,,,,,,,,0.000,26.042,Pinned,Device,NVIDIA H100 80GB HBM3 (1),1,,17,[CUDA memcpy Host-to-Device]
69826458,768,3023,,,,,,,,,,0.000,26.042,Pinned,Device,NVIDIA H100 80GB HBM3 (0),1,,17,[CUDA memcpy Host-to-Device]
69850540,800,3015,,,,,,,,,,0.000,25.000,Pinned,Device,NVIDIA H100 80GB HBM3 (1),1,,17,[CUDA memcpy Host-to-Device]
70055771,22464,3052,,,,,,,,,,0.328,14620.863,Pinned,Device,NVIDIA H100 80GB HBM3 (0),1,,17,[CUDA memcpy Host-to-Device]
70086090,21952,3044,,,,,,,,,,0.328,14961.792,Pinned,Device,NVIDIA H100 80GB HBM3 (1),1,,17,[CUDA memcpy Host-to-Device]
70095067,800,3082,,,,,,,,,,0.000,25.000,Pinned,Device,NVIDIA H100 80GB HBM3 (0),1,,17,[CUDA memcpy Host-to-Device]
70122058,800,3074,,,,,,,,,,0.000,25.000,Pinned,Device,NVIDIA H100 80GB HBM3 (1),1,,17,[CUDA memcpy Host-to-Device]
70153179,12512,3112,,,,,,,,,,0.164,13125.275,Pinned,Device,NVIDIA H100 80GB HBM3 (0),1,,17,[CUDA memcpy Host-to-Device]
70177482,12064,3104,,,,,,,,,,0.164,13612.692,Pinned,Device,NVIDIA H100 80GB HBM3 (1),1,,17,[CUDA memcpy Host-to-Device]
70242107,832,3170,,,,,,,,,,0.000,9.615,Pageable,Device,NVIDIA H100 80GB HBM3 (0),1,,17,[CUDA memcpy Host-to-Device]
70279049,800,3162,,,,,,,,,,0.000,10.000,Pageable,Device,NVIDIA H100 80GB HBM3 (1),1,,17,[CUDA memcpy Host-to-Device]
70459291,1760,3185,1,1,1,128,1,1,32,0.000,0.000,,,,,NVIDIA H100 80GB HBM3 (0),1,,17,"void at::native::unrolled_elementwise_kernel<at::native::direct_copy_kernel_cuda(at::TensorIteratorBase &)::[lambda() (instance 3)]::operator ()() const::[lambda() (instance 4)]::operator ()() const::[lambda(long) (instance 1)], std::array<char *, (unsigned long)2>, (int)4, TrivialOffsetCalculator<(int)1, unsigned int>, TrivialOffsetCalculator<(int)1, unsigned int>, at::native::memory::LoadWithCast<(int)1>, at::native::memory::StoreWithCast<(int)1>>(int, T1, T2, T4, T5, T6, T7)"
70539643,3168,3209,128,4,1,256,1,1,32,0.000,0.000,,,,,NVIDIA H100 80GB HBM3 (0),1,,17,"void at::native::vectorized_gather_kernel<(int)16, long>(char *, char *, T2 *, int, long, long, long, long, bool)"
70565608,1664,3177,1,1,1,128,1,1,32,0.000,0.000,,,,,NVIDIA H100 80GB HBM3 (1),1,,17,"void at::native::unrolled_elementwise_kernel<at::native::direct_copy_kernel_cuda(at::TensorIteratorBase &)::[lambda() (instance 3)]::operator ()() const::[lambda() (instance 4)]::operator ()() const::[lambda(long) (instance 1)], std::array<char *, (unsigned long)2>, (int)4, TrivialOffsetCalculator<(int)1, unsigned int>, TrivialOffsetCalculator<(int)1, unsigned int>, at::native::memory::LoadWithCast<(int)1>, at::native::memory::StoreWithCast<(int)1>>(int, T1, T2, T4, T5, T6, T7)"
70641736,3104,3201,128,4,1,256,1,1,32,0.000,0.000,,,,,NVIDIA H100 80GB HBM3 (1),1,,17,"void at::native::vectorized_gather_kernel<(int)16, long>(char *, char *, T2 *, int, long, long, long, long, bool)"
70842779,2976,3236,128,1,1,896,1,1,30,0.000,0.000,,,,,NVIDIA H100 80GB HBM3 (0),1,,17,"void vllm::rms_norm_kernel<c10::BFloat16, (int)8, (int)2, (bool)1>(T1 *, const T1 *, long, long, long, long, long, const T1 *, long, float, int, int)"
70998310,2944,3228,128,1,1,896,1,1,30,0.000,0.000,,,,,NVIDIA H100 80GB HBM3 (1),1,,17,"void vllm::rms_norm_kernel<c10::BFloat16, (int)8, (int)2, (bool)1>(T1 *, const T1 *, long, long, long, long, long, const T1 *, long, float, int, int)"
71127611,14848,3263,2,66,1,384,1,1,168,0.000,0.230,,,,,NVIDIA H100 80GB HBM3 (0),1,,17,nvjet_tst_64x64_64x13_1x2_h_bz_splitK_TNT
71144827,2848,3265,66,8,1,32,16,1,32,0.000,0.000,,,,,NVIDIA H100 80GB HBM3 (0),1,,17,"void cublasLt::splitKreduce_kernel<(int)32, (int)16, int, float, __nv_bfloat16, float, __nv_bfloat16, (bool)0, float, __nv_bfloat16, __nv_bfloat16, (bool)1, (bool)0, (bool)0, (bool)0>(cublasLt::cublasSplitKParams<T6>, const T4 *, const T10 *, T9 *, T5 *, const T6 *, const T6 *, const T11 *, const T4 *, T11 *, void *, long, T6 *, int *, T6 *, T6 *, const T6 *, const T6 *, const T6 *, const T6 *, const T6 *)"
71233019,2400,3278,128,1,1,192,1,1,30,0.000,0.000,,,,,NVIDIA H100 80GB HBM3 (0),1,,17,"void vllm::rms_norm_kernel<c10::BFloat16, (int)8, (int)2, (bool)1>(T1 *, const T1 *, long, long, long, long, long, const T1 *, long, float, int, int)"
71282651,2336,3290,128,1,1,64,1,1,30,0.000,0.000,,,,,NVIDIA H100 80GB HBM3 (0),1,,17,"void vllm::rms_norm_kernel<c10::BFloat16, (int)8, (int)2, (bool)1>(T1 *, const T1 *, long, long, long, long, long, const T1 *, long, float, int, int)"
71282788,14784,3255,2,66,1,384,1,1,168,0.000,0.230,,,,,NVIDIA H100 80GB HBM3 (1),1,,17,nvjet_tst_64x64_64x13_1x2_h_bz_splitK_TNT
71299492,2784,3257,66,8,1,32,16,1,32,0.000,0.000,,,,,NVIDIA H100 80GB HBM3 (1),1,,17,"void cublasLt::splitKreduce_kernel<(int)32, (int)16, int, float, __nv_bfloat16, float, __nv_bfloat16, (bool)0, float, __nv_bfloat16, __nv_bfloat16, (bool)1, (bool)0, (bool)0, (bool)0>(cublasLt::cublasSplitKParams<T6>, const T4 *, const T10 *, T9 *, T5 *, const T6 *, const T6 *, const T11 *, const T4 *, T11 *, void *, long, T6 *, int *, T6 *, T6 *, const T6 *, const T6 *, const T6 *, const T6 *, const T6 *)"
71358971,32736,3305,2,64,1,384,1,1,168,0.000,0.221,,,,,NVIDIA H100 80GB HBM3 (0),1,,17,nvjet_tst_192x128_64x5_2x1_v_bz_coopB_TNT
71391268,2432,3270,128,1,1,192,1,1,30,0.000,0.000,,,,,NVIDIA H100 80GB HBM3 (1),1,,17,"void vllm::rms_norm_kernel<c10::BFloat16, (int)8, (int)2, (bool)1>(T1 *, const T1 *, long, long, long, long, long, const T1 *, long, float, int, int)"
71443876,2368,3282,128,1,1,64,1,1,30,0.000,0.000,,,,,NVIDIA H100 80GB HBM3 (1),1,,17,"void vllm::rms_norm_kernel<c10::BFloat16, (int)8, (int)2, (bool)1>(T1 *, const T1 *, long, long, long, long, long, const T1 *, long, float, int, int)"
71484475,3008,3315,8,129,1,8,16,1,26,0.000,0.000,,,,,NVIDIA H100 80GB HBM3 (0),1,,17,"void flashinfer::BatchQKApplyRotaryPosIdsCosSinCacheHeadParallelismKernel<(bool)1, (unsigned int)64, (unsigned int)8, (unsigned int)8, __nv_bfloat16, long>(T5 *, T5 *, T5 *, T5 *, float *, T6 *, unsigned int, unsigned int, unsigned int, unsigned int, unsigned long, unsigned long, unsigned long, unsigned long, unsigned long, unsigned long, unsigned long, unsigned long)"
71540579,31680,3297,2,64,1,384,1,1,168,0.000,0.221,,,,,NVIDIA H100 80GB HBM3 (1),1,,17,nvjet_tst_192x128_64x5_2x1_v_bz_coopB_TNT
71685026,3104,3307,8,129,1,8,16,1,26,0.000,0.000,,,,,NVIDIA H100 80GB HBM3 (1),1,,17,"void flashinfer::BatchQKApplyRotaryPosIdsCosSinCacheHeadParallelismKernel<(bool)1, (unsigned int)64, (unsigned int)8, (unsigned int)8, __nv_bfloat16, long>(T5 *, T5 *, T5 *, T5 *, float *, T6 *, unsigned int, unsigned int, unsigned int, unsigned int, unsigned long, unsigned long, unsigned long, unsigned long, unsigned long, unsigned long, unsigned long, unsigned long)"
71865116,220832,3351,16,1,1,512,1,1,96,0.037,0.082,,,,,NVIDIA H100 80GB HBM3 (0),1,,17,ncclDevKernel_AllGather_RING_LL(ncclDevKernelArgsStorage<(unsigned long)4096>)
72078145,8000,3343,16,1,1,512,1,1,96,0.037,0.082,,,,,NVIDIA H100 80GB HBM3 (1),1,,17,ncclDevKernel_AllGather_RING_LL(ncclDevKernelArgsStorage<(unsigned long)4096>)
72095164,2976,3381,16,1,1,128,1,1,18,0.000,0.000,,,,,NVIDIA H100 80GB HBM3 (0),1,,17,"void at::native::elementwise_kernel<(int)128, (int)4, void at::native::gpu_kernel_impl_nocast<at::native::direct_copy_kernel_cuda(at::TensorIteratorBase &)::[lambda() (instance 3)]::operator ()() const::[lambda() (instance 12)]::operator ()() const::[lambda(c10::BFloat16) (instance 1)]>(at::TensorIteratorBase &, const T1 &)::[lambda(int) (instance 1)]>(int, T3)"
72178268,212896,3417,4,1,1,512,1,1,96,0.037,0.082,,,,,NVIDIA H100 80GB HBM3 (0),1,,17,ncclDevKernel_AllGather_RING_LL(ncclDevKernelArgsStorage<(unsigned long)4096>)
72212512,2976,3373,16,1,1,128,1,1,18,0.000,0.000,,,,,NVIDIA H100 80GB HBM3 (1),1,,17,"void at::native::elementwise_kernel<(int)128, (int)4, void at::native::gpu_kernel_impl_nocast<at::native::direct_copy_kernel_cuda(at::TensorIteratorBase &)::[lambda() (instance 3)]::operator ()() const::[lambda() (instance 12)]::operator ()() const::[lambda(c10::BFloat16) (instance 1)]>(at::TensorIteratorBase &, const T1 &)::[lambda(int) (instance 1)]>(int, T3)"
72385695,5280,3409,4,1,1,512,1,1,96,0.037,0.082,,,,,NVIDIA H100 80GB HBM3 (1),1,,17,ncclDevKernel_AllGather_RING_LL(ncclDevKernelArgsStorage<(unsigned long)4096>)
72399356,2624,3439,256,1,1,512,1,1,24,0.000,0.000,,,,,NVIDIA H100 80GB HBM3 (0),1,,17,"void vllm::concat_and_cache_mla_kernel<__nv_bfloat16, __nv_bfloat16, (vllm::Fp8KVCacheDataType)0>(const T1 *, const T1 *, T2 *, const long *, int, int, int, int, int, int, int, const float *)"
72497340,17088,3492,2,64,1,384,1,1,168,0.000,0.213,,,,,NVIDIA H100 80GB HBM3 (0),1,,17,nvjet_tst_256x128_64x4_2x1_v_bz_coopA_TNT
72531646,2624,3431,256,1,1,512,1,1,24,0.000,0.000,,,,,NVIDIA H100 80GB HBM3 (1),1,,17,"void vllm::concat_and_cache_mla_kernel<__nv_bfloat16, __nv_bfloat16, (vllm::Fp8KVCacheDataType)0>(const T1 *, const T1 *, T2 *, const long *, int, int, int, int, int, int, int, const float *)"
72591708,6752,3503,32,1,1,1024,1,1,32,0.000,0.000,,,,,NVIDIA H100 80GB HBM3 (0),1,,17,"void flashinfer::ConcatMLAKKernel<__nv_bfloat16>(T1 *, const T1 *, const T1 *, int, long, int, long, int, long)"
72731485,17120,3484,2,64,1,384,1,1,168,0.000,0.213,,,,,NVIDIA H100 80GB HBM3 (1),1,,17,nvjet_tst_256x128_64x4_2x1_v_bz_coopA_TNT
72754908,2304,3538,1,1,1,32,1,1,16,0.000,0.000,,,,,NVIDIA H100 80GB HBM3 (0),1,,17,"void flash::prepare_varlen_num_blocks_kernel<(int)1, (bool)0>(int, int, int, const int *, const int *, const int *, const int *, const int *, const int *, int, int, int, int, int, cutlass::FastDivmod, cutlass::FastDivmod, int *, int *, int *, int *, int *, bool, bool, bool, int)"
72776444,18944,3547,132,1,1,384,1,1,168,0.000,0.216,,,,,NVIDIA H100 80GB HBM3 (0),1,,17,"void cutlass::device_kernel<flash::enable_sm90_or_later<flash::FlashAttnFwdSm90<flash::CollectiveMainloopFwdSm90<(int)2, cute::tuple<cute::C<(int)1>, cute::C<(int)1>, cute::C<(int)1>>, cute::tuple<cute::C<(int)128>, cute::C<(int)128>, cute::C<(int)192>>, (int)128, cutlass::bfloat16_t, float, cutlass::arch::Sm90, (bool)1, (bool)0, (bool)0, (bool)1, (bool)0, (bool)0, (bool)0, (bool)1, (bool)1, (bool)0, (bool)0, (bool)0, cutlass::bfloat16_t, (int)1>, flash::CollectiveEpilogueFwd<cute::tuple<cute::C<(int)128>, cute::C<(int)128>, cute::C<(int)128>>, cute::tuple<cute::C<(int)1>, cute::C<(int)1>, cute::C<(int)1>>, cutlass::bfloat16_t, cutlass::arch::Sm90, (int)256, (bool)1, (bool)0, (bool)0, (bool)0, (int)1>, flash::VarlenDynamicPersistentTileScheduler<(int)128, (int)128, (int)256, (int)32, (bool)0, (bool)0, (bool)1, (bool)1, (bool)0, (bool)1>>>>(T1::Params)"
72826749,6976,3495,32,1,1,1024,1,1,32,0.000,0.000,,,,,NVIDIA H100 80GB HBM3 (1),1,,17,"void flashinfer::ConcatMLAKKernel<__nv_bfloat16>(T1 *, const T1 *, const T1 *, int, long, int, long, int, long)"
72870780,637569,3557,2,16,1,1024,1,1,22,0.000,0.000,,,,,NVIDIA H100 80GB HBM3 (0),1,,17,"void vllm::cp_gather_cache<unsigned short>(const T1 *, T1 *, const int *, const int *, int, int, long, long, long, long, const int *)"
72989916,2272,3530,1,1,1,32,1,1,16,0.000,0.000,,,,,NVIDIA H100 80GB HBM3 (1),1,,17,"void flash::prepare_varlen_num_blocks_kernel<(int)1, (bool)0>(int, int, int, const int *, const int *, const int *, const int *, const int *, const int *, int, int, int, int, int, cutlass::FastDivmod, cutlass::FastDivmod, int *, int *, int *, int *, int *, bool, bool, bool, int)"
73014140,19008,3539,132,1,1,384,1,1,168,0.000,0.216,,,,,NVIDIA H100 80GB HBM3 (1),1,,17,"void cutlass::device_kernel<flash::enable_sm90_or_later<flash::FlashAttnFwdSm90<flash::CollectiveMainloopFwdSm90<(int)2, cute::tuple<cute::C<(int)1>, cute::C<(int)1>, cute::C<(int)1>>, cute::tuple<cute::C<(int)128>, cute::C<(int)128>, cute::C<(int)192>>, (int)128, cutlass::bfloat16_t, float, cutlass::arch::Sm90, (bool)1, (bool)0, (bool)0, (bool)1, (bool)0, (bool)0, (bool)0, (bool)1, (bool)1, (bool)0, (bool)0, (bool)0, cutlass::bfloat16_t, (int)1>, flash::CollectiveEpilogueFwd<cute::tuple<cute::C<(int)128>, cute::C<(int)128>, cute::C<(int)128>>, cute::tuple<cute::C<(int)1>, cute::C<(int)1>, cute::C<(int)1>>, cutlass::bfloat16_t, cutlass::arch::Sm90, (int)256, (bool)1, (bool)0, (bool)0, (bool)0, (int)1>, flash::VarlenDynamicPersistentTileScheduler<(int)128, (int)128, (int)256, (int)32, (bool)0, (bool)0, (bool)1, (bool)1, (bool)0, (bool)1>>>>(T1::Params)"
73103931,636349,3549,2,16,1,1024,1,1,22,0.000,0.000,,,,,NVIDIA H100 80GB HBM3 (1),1,,17,"void vllm::cp_gather_cache<unsigned short>(const T1 *, T1 *, const int *, const int *, int, int, long, long, long, long, const int *)"
73515741,379456,3598,24,1,1,544,1,1,96,0.037,0.082,,,,,NVIDIA H100 80GB HBM3 (0),1,,17,ncclDevKernel_AllGather_RING_LL(ncclDevKernelArgsStorage<(unsigned long)4096>)
73747608,172383,3590,24,1,1,544,1,1,96,0.037,0.082,,,,,NVIDIA H100 80GB HBM3 (1),1,,17,ncclDevKernel_AllGather_RING_LL(ncclDevKernelArgsStorage<(unsigned long)4096>)
73903357,50208,3617,,,,,,,,,,75.497,1503683.150,Device,Device,NVIDIA H100 80GB HBM3 (0),1,,17,[CUDA memcpy Device-to-Device]
73928439,47360,3609,,,,,,,,,,75.497,1594053.624,Device,Device,NVIDIA H100 80GB HBM3 (1),1,,17,[CUDA memcpy Device-to-Device]
73955229,106528,3654,264,4,1,512,1,1,29,0.000,0.000,,,,,NVIDIA H100 80GB HBM3 (0),1,,17,"void at::native::<unnamed>::CatArrayBatchedCopy<at::native::<unnamed>::OpaqueType<(unsigned int)2>, unsigned int, (int)3, (int)64, (int)64>(T1 *, at::native::<unnamed>::CatArrInputTensorMetadata<T1, T2, T4, T5>, at::native::<unnamed>::TensorSizeStride<T2, (unsigned int)4>, int, T2)"
73977431,105888,3646,264,4,1,512,1,1,29,0.000,0.000,,,,,NVIDIA H100 80GB HBM3 (1),1,,17,"void at::native::<unnamed>::CatArrayBatchedCopy<at::native::<unnamed>::OpaqueType<(unsigned int)2>, unsigned int, (int)3, (int)64, (int)64>(T1 *, at::native::<unnamed>::CatArrInputTensorMetadata<T1, T2, T4, T5>, at::native::<unnamed>::TensorSizeStride<T2, (unsigned int)4>, int, T2)"
74063325,18176,3665,264,4,1,512,1,1,29,0.000,0.000,,,,,NVIDIA H100 80GB HBM3 (0),1,,17,"void at::native::<unnamed>::CatArrayBatchedCopy<at::native::<unnamed>::OpaqueType<(unsigned int)2>, unsigned int, (int)3, (int)64, (int)64>(T1 *, at::native::<unnamed>::CatArrInputTensorMetadata<T1, T2, T4, T5>, at::native::<unnamed>::TensorSizeStride<T2, (unsigned int)4>, int, T2)"
74082813,768,3681,,,,,,,,,,0.000,5.208,Device,,NVIDIA H100 80GB HBM3 (0),1,,17,[CUDA memset]
74084727,18432,3657,264,4,1,512,1,1,29,0.000,0.000,,,,,NVIDIA H100 80GB HBM3 (1),1,,17,"void at::native::<unnamed>::CatArrayBatchedCopy<at::native::<unnamed>::OpaqueType<(unsigned int)2>, unsigned int, (int)3, (int)64, (int)64>(T1 *, at::native::<unnamed>::CatArrInputTensorMetadata<T1, T2, T4, T5>, at::native::<unnamed>::TensorSizeStride<T2, (unsigned int)4>, int, T2)"
74086109,3352130,3682,2,66,1,384,1,1,168,0.000,0.213,,,,,NVIDIA H100 80GB HBM3 (0),1,,17,nvjet_tst_192x192_64x4_1x2_h_bz_coopB_TNN
74104343,736,3673,,,,,,,,,,0.000,5.435,Device,,NVIDIA H100 80GB HBM3 (1),1,,17,[CUDA memset]
74107575,3338287,3674,2,66,1,384,1,1,168,0.000,0.213,,,,,NVIDIA H100 80GB HBM3 (1),1,,17,nvjet_tst_192x192_64x4_1x2_h_bz_coopB_TNN
77439871,1888930,3693,16384,1,1,1024,1,1,32,0.000,0.000,,,,,NVIDIA H100 80GB HBM3 (0),1,,17,"void flashinfer::ConcatMLAKKernel<__nv_bfloat16>(T1 *, const T1 *, const T1 *, int, long, int, long, int, long)"
77447366,1890807,3685,16384,1,1,1024,1,1,32,0.000,0.000,,,,,NVIDIA H100 80GB HBM3 (1),1,,17,"void flashinfer::ConcatMLAKKernel<__nv_bfloat16>(T1 *, const T1 *, const T1 *, int, long, int, long, int, long)"
79330337,3232,3731,1,1,1,32,1,1,16,0.000,0.000,,,,,NVIDIA H100 80GB HBM3 (0),1,,17,"void flash::prepare_varlen_num_blocks_kernel<(int)1, (bool)0>(int, int, int, const int *, const int *, const int *, const int *, const int *, const int *, int, int, int, int, int, cutlass::FastDivmod, cutlass::FastDivmod, int *, int *, int *, int *, int *, bool, bool, bool, int)"
79331841,1715265,3740,132,1,1,384,1,1,168,0.000,0.216,,,,,NVIDIA H100 80GB HBM3 (0),1,,17,"void cutlass::device_kernel<flash::enable_sm90_or_later<flash::FlashAttnFwdSm90<flash::CollectiveMainloopFwdSm90<(int)2, cute::tuple<cute::C<(int)1>, cute::C<(int)1>, cute::C<(int)1>>, cute::tuple<cute::C<(int)128>, cute::C<(int)128>, cute::C<(int)192>>, (int)128, cutlass::bfloat16_t, float, cutlass::arch::Sm90, (bool)0, (bool)0, (bool)0, (bool)1, (bool)0, (bool)0, (bool)0, (bool)1, (bool)1, (bool)0, (bool)0, (bool)0, cutlass::bfloat16_t, (int)1>, flash::CollectiveEpilogueFwd<cute::tuple<cute::C<(int)128>, cute::C<(int)128>, cute::C<(int)128>>, cute::tuple<cute::C<(int)1>, cute::C<(int)1>, cute::C<(int)1>>, cutlass::bfloat16_t, cutlass::arch::Sm90, (int)256, (bool)1, (bool)0, (bool)0, (bool)0, (int)1>, flash::VarlenDynamicPersistentTileScheduler<(int)128, (int)128, (int)256, (int)32, (bool)0, (bool)0, (bool)1, (bool)0, (bool)0, (bool)1>>>>(T1::Params)"
79339965,3296,3723,1,1,1,32,1,1,16,0.000,0.000,,,,,NVIDIA H100 80GB HBM3 (1),1,,17,"void flash::prepare_varlen_num_blocks_kernel<(int)1, (bool)0>(int, int, int, const int *, const int *, const int *, const int *, const int *, const int *, int, int, int, int, int, cutlass::FastDivmod, cutlass::FastDivmod, int *, int *, int *, int *, int *, bool, bool, bool, int)"
79341469,1715575,3732,132,1,1,384,1,1,168,0.000,0.216,,,,,NVIDIA H100 80GB HBM3 (1),1,,17,"void cutlass::device_kernel<flash::enable_sm90_or_later<flash::FlashAttnFwdSm90<flash::CollectiveMainloopFwdSm90<(int)2, cute::tuple<cute::C<(int)1>, cute::C<(int)1>, cute::C<(int)1>>, cute::tuple<cute::C<(int)128>, cute::C<(int)128>, cute::C<(int)192>>, (int)128, cutlass::bfloat16_t, float, cutlass::arch::Sm90, (bool)0, (bool)0, (bool)0, (bool)1, (bool)0, (bool)0, (bool)0, (bool)1, (bool)1, (bool)0, (bool)0, (bool)0, cutlass::bfloat16_t, (int)1>, flash::CollectiveEpilogueFwd<cute::tuple<cute::C<(int)128>, cute::C<(int)128>, cute::C<(int)128>>, cute::tuple<cute::C<(int)1>, cute::C<(int)1>, cute::C<(int)1>>, cutlass::bfloat16_t, cutlass::arch::Sm90, (int)256, (bool)1, (bool)0, (bool)0, (bool)0, (int)1>, flash::VarlenDynamicPersistentTileScheduler<(int)128, (int)128, (int)256, (int)32, (bool)0, (bool)0, (bool)1, (bool)0, (bool)0, (bool)1>>>>(T1::Params)"
81049762,3904,3767,,,,,,,,,,4.194,1074358.387,Device,Device,NVIDIA H100 80GB HBM3 (0),1,,17,[CUDA memcpy Device-to-Device]
81055138,1856,3781,,,,,,,,,,0.066,35310.338,Device,Device,NVIDIA H100 80GB HBM3 (0),1,,17,[CUDA memcpy Device-to-Device]
81058114,256512,3792,1,16,1,1024,1,1,22,0.000,0.000,,,,,NVIDIA H100 80GB HBM3 (0),1,,17,"void vllm::cp_gather_cache<unsigned short>(const T1 *, T1 *, const int *, const int *, int, int, long, long, long, long, const int *)"
81058644,3712,3759,,,,,,,,,,4.194,1129928.720,Device,Device,NVIDIA H100 80GB HBM3 (1),1,,17,[CUDA memcpy Device-to-Device]
81063828,1760,3773,,,,,,,,,,0.066,37236.310,Device,Device,NVIDIA H100 80GB HBM3 (1),1,,17,[CUDA memcpy Device-to-Device]
81067540,256095,3784,1,16,1,1024,1,1,22,0.000,0.000,,,,,NVIDIA H100 80GB HBM3 (1),1,,17,"void vllm::cp_gather_cache<unsigned short>(const T1 *, T1 *, const int *, const int *, int, int, long, long, long, long, const int *)"
81320674,63360,3833,24,1,1,544,1,1,96,0.037,0.082,,,,,NVIDIA H100 80GB HBM3 (0),1,,17,ncclDevKernel_AllGather_RING_LL(ncclDevKernelArgsStorage<(unsigned long)4096>)
81329363,62719,3825,24,1,1,544,1,1,96,0.037,0.082,,,,,NVIDIA H100 80GB HBM3 (1),1,,17,ncclDevKernel_AllGather_RING_LL(ncclDevKernelArgsStorage<(unsigned long)4096>)
81392194,11936,3852,,,,,,,,,,19.096,1599825.347,Device,Device,NVIDIA H100 80GB HBM3 (0),1,,17,[CUDA memcpy Device-to-Device]
81401266,11424,3844,,,,,,,,,,19.096,1671529.144,Device,Device,NVIDIA H100 80GB HBM3 (1),1,,17,[CUDA memcpy Device-to-Device]
81405474,31712,3877,264,2,1,512,1,1,29,0.000,0.000,,,,,NVIDIA H100 80GB HBM3 (0),1,,17,"void at::native::<unnamed>::CatArrayBatchedCopy<at::native::<unnamed>::OpaqueType<(unsigned int)2>, unsigned int, (int)3, (int)64, (int)64>(T1 *, at::native::<unnamed>::CatArrInputTensorMetadata<T1, T2, T4, T5>, at::native::<unnamed>::TensorSizeStride<T2, (unsigned int)4>, int, T2)"
81414066,32544,3869,264,2,1,512,1,1,29,0.000,0.000,,,,,NVIDIA H100 80GB HBM3 (1),1,,17,"void at::native::<unnamed>::CatArrayBatchedCopy<at::native::<unnamed>::OpaqueType<(unsigned int)2>, unsigned int, (int)3, (int)64, (int)64>(T1 *, at::native::<unnamed>::CatArrInputTensorMetadata<T1, T2, T4, T5>, at::native::<unnamed>::TensorSizeStride<T2, (unsigned int)4>, int, T2)"
81438914,8064,3888,264,2,1,512,1,1,29,0.000,0.000,,,,,NVIDIA H100 80GB HBM3 (0),1,,17,"void at::native::<unnamed>::CatArrayBatchedCopy<at::native::<unnamed>::OpaqueType<(unsigned int)2>, unsigned int, (int)3, (int)64, (int)64>(T1 *, at::native::<unnamed>::CatArrInputTensorMetadata<T1, T2, T4, T5>, at::native::<unnamed>::TensorSizeStride<T2, (unsigned int)4>, int, T2)"
81448306,8096,3880,264,2,1,512,1,1,29,0.000,0.000,,,,,NVIDIA H100 80GB HBM3 (1),1,,17,"void at::native::<unnamed>::CatArrayBatchedCopy<at::native::<unnamed>::OpaqueType<(unsigned int)2>, unsigned int, (int)3, (int)64, (int)64>(T1 *, at::native::<unnamed>::CatArrInputTensorMetadata<T1, T2, T4, T5>, at::native::<unnamed>::TensorSizeStride<T2, (unsigned int)4>, int, T2)"
81448514,736,3904,,,,,,,,,,0.000,5.435,Device,,NVIDIA H100 80GB HBM3 (0),1,,17,[CUDA memset]
81451874,855521,3905,1,132,1,384,1,1,168,0.000,0.213,,,,,NVIDIA H100 80GB HBM3 (0),1,,17,nvjet_tst_192x192_64x4_1x1_h_bz_coopB_TNN
81458130,960,3896,,,,,,,,,,0.000,4.167,Device,,NVIDIA H100 80GB HBM3 (1),1,,17,[CUDA memset]
81461778,855004,3897,1,132,1,384,1,1,168,0.000,0.213,,,,,NVIDIA H100 80GB HBM3 (1),1,,17,nvjet_tst_192x192_64x4_1x1_h_bz_coopB_TNN
82309827,479968,3916,4144,1,1,1024,1,1,32,0.000,0.000,,,,,NVIDIA H100 80GB HBM3 (0),1,,17,"void flashinfer::ConcatMLAKKernel<__nv_bfloat16>(T1 *, const T1 *, const T1 *, int, long, int, long, int, long)"
82319246,480478,3908,4144,1,1,1024,1,1,32,0.000,0.000,,,,,NVIDIA H100 80GB HBM3 (1),1,,17,"void flashinfer::ConcatMLAKKernel<__nv_bfloat16>(T1 *, const T1 *, const T1 *, int, long, int, long, int, long)"
82791555,3488,3954,1,1,1,32,1,1,16,0.000,0.000,,,,,NVIDIA H100 80GB HBM3 (0),1,,17,"void flash::prepare_varlen_num_blocks_kernel<(int)1, (bool)0>(int, int, int, const int *, const int *, const int *, const int *, const int *, const int *, int, int, int, int, int, cutlass::FastDivmod, cutlass::FastDivmod, int *, int *, int *, int *, int *, bool, bool, bool, int)"
82793379,443680,3963,132,1,1,384,1,1,168,0.000,0.216,,,,,NVIDIA H100 80GB HBM3 (0),1,,17,"void cutlass::device_kernel<flash::enable_sm90_or_later<flash::FlashAttnFwdSm90<flash::CollectiveMainloopFwdSm90<(int)2, cute::tuple<cute::C<(int)1>, cute::C<(int)1>, cute::C<(int)1>>, cute::tuple<cute::C<(int)128>, cute::C<(int)128>, cute::C<(int)192>>, (int)128, cutlass::bfloat16_t, float, cutlass::arch::Sm90, (bool)0, (bool)0, (bool)0, (bool)1, (bool)0, (bool)0, (bool)0, (bool)1, (bool)1, (bool)0, (bool)0, (bool)0, cutlass::bfloat16_t, (int)1>, flash::CollectiveEpilogueFwd<cute::tuple<cute::C<(int)128>, cute::C<(int)128>, cute::C<(int)128>>, cute::tuple<cute::C<(int)1>, cute::C<(int)1>, cute::C<(int)1>>, cutlass::bfloat16_t, cutlass::arch::Sm90, (int)256, (bool)1, (bool)0, (bool)0, (bool)0, (int)1>, flash::VarlenDynamicPersistentTileScheduler<(int)128, (int)128, (int)256, (int)32, (bool)0, (bool)0, (bool)1, (bool)0, (bool)0, (bool)1>>>>(T1::Params)"
82801483,3104,3946,1,1,1,32,1,1,16,0.000,0.000,,,,,NVIDIA H100 80GB HBM3 (1),1,,17,"void flash::prepare_varlen_num_blocks_kernel<(int)1, (bool)0>(int, int, int, const int *, const int *, const int *, const int *, const int *, const int *, int, int, int, int, int, cutlass::FastDivmod, cutlass::FastDivmod, int *, int *, int *, int *, int *, bool, bool, bool, int)"
82803307,444062,3955,132,1,1,384,1,1,168,0.000,0.216,,,,,NVIDIA H100 80GB HBM3 (1),1,,17,"void cutlass::device_kernel<flash::enable_sm90_or_later<flash::FlashAttnFwdSm90<flash::CollectiveMainloopFwdSm90<(int)2, cute::tuple<cute::C<(int)1>, cute::C<(int)1>, cute::C<(int)1>>, cute::tuple<cute::C<(int)128>, cute::C<(int)128>, cute::C<(int)192>>, (int)128, cutlass::bfloat16_t, float, cutlass::arch::Sm90, (bool)0, (bool)0, (bool)0, (bool)1, (bool)0, (bool)0, (bool)0, (bool)1, (bool)1, (bool)0, (bool)0, (bool)0, cutlass::bfloat16_t, (int)1>, flash::CollectiveEpilogueFwd<cute::tuple<cute::C<(int)128>, cute::C<(int)128>, cute::C<(int)128>>, cute::tuple<cute::C<(int)1>, cute::C<(int)1>, cute::C<(int)1>>, cutlass::bfloat16_t, cutlass::arch::Sm90, (int)256, (bool)1, (bool)0, (bool)0, (bool)0, (int)1>, flash::VarlenDynamicPersistentTileScheduler<(int)128, (int)128, (int)256, (int)32, (bool)0, (bool)0, (bool)1, (bool)0, (bool)0, (bool)1>>>>(T1::Params)"
83239555,4256,3988,1024,1,1,128,1,1,27,0.000,0.000,,,,,NVIDIA H100 80GB HBM3 (0),1,,17,"void vllm::merge_attn_states_kernel<__nv_bfloat16, __nv_bfloat16, (unsigned int)128, (bool)0>(T2 *, float *, const T1 *, const float *, const T1 *, const float *, unsigned int, unsigned int, unsigned int, unsigned int, unsigned int, unsigned int, unsigned int, unsigned int, unsigned int, unsigned int, unsigned int, unsigned int, const float *)"
83245091,5440,3999,2048,1,1,128,1,1,27,0.000,0.000,,,,,NVIDIA H100 80GB HBM3 (0),1,,17,"void vllm::merge_attn_states_kernel<__nv_bfloat16, __nv_bfloat16, (unsigned int)128, (bool)0>(T2 *, float *, const T1 *, const float *, const T1 *, const float *, unsigned int, unsigned int, unsigned int, unsigned int, unsigned int, unsigned int, unsigned int, unsigned int, unsigned int, unsigned int, unsigned int, unsigned int, const float *)"
83249065,4096,3980,1024,1,1,128,1,1,27,0.000,0.000,,,,,NVIDIA H100 80GB HBM3 (1),1,,17,"void vllm::merge_attn_states_kernel<__nv_bfloat16, __nv_bfloat16, (unsigned int)128, (bool)0>(T2 *, float *, const T1 *, const float *, const T1 *, const float *, unsigned int, unsigned int, unsigned int, unsigned int, unsigned int, unsigned int, unsigned int, unsigned int, unsigned int, unsigned int, unsigned int, unsigned int, const float *)"
83251843,86208,4014,2,64,1,384,1,1,168,0.000,0.232,,,,,NVIDIA H100 80GB HBM3 (0),1,,17,nvjet_tst_112x128_64x7_2x1_v_bz_splitK_TNN
83255113,5472,3991,2048,1,1,128,1,1,27,0.000,0.000,,,,,NVIDIA H100 80GB HBM3 (1),1,,17,"void vllm::merge_attn_states_kernel<__nv_bfloat16, __nv_bfloat16, (unsigned int)128, (bool)0>(T2 *, float *, const T1 *, const float *, const T1 *, const float *, unsigned int, unsigned int, unsigned int, unsigned int, unsigned int, unsigned int, unsigned int, unsigned int, unsigned int, unsigned int, unsigned int, unsigned int, const float *)"
83261897,85792,4006,2,64,1,384,1,1,168,0.000,0.232,,,,,NVIDIA H100 80GB HBM3 (1),1,,17,nvjet_tst_112x128_64x7_2x1_v_bz_splitK_TNN
83339939,6624,4016,224,3,1,32,16,1,32,0.000,0.000,,,,,NVIDIA H100 80GB HBM3 (0),1,,17,"void cublasLt::splitKreduce_kernel<(int)32, (int)16, int, float, __nv_bfloat16, float, __nv_bfloat16, (bool)0, float, __nv_bfloat16, __nv_bfloat16, (bool)1, (bool)0, (bool)0, (bool)0>(cublasLt::cublasSplitKParams<T6>, const T4 *, const T10 *, T9 *, T5 *, const T6 *, const T6 *, const T11 *, const T4 *, T11 *, void *, long, T6 *, int *, T6 *, T6 *, const T6 *, const T6 *, const T6 *, const T6 *, const T6 *)"
83349449,6176,4008,224,3,1,32,16,1,32,0.000,0.000,,,,,NVIDIA H100 80GB HBM3 (1),1,,17,"void cublasLt::splitKreduce_kernel<(int)32, (int)16, int, float, __nv_bfloat16, float, __nv_bfloat16, (bool)0, float, __nv_bfloat16, __nv_bfloat16, (bool)1, (bool)0, (bool)0, (bool)0>(cublasLt::cublasSplitKParams<T6>, const T4 *, const T10 *, T9 *, T5 *, const T6 *, const T6 *, const T11 *, const T4 *, T11 *, void *, long, T6 *, int *, T6 *, T6 *, const T6 *, const T6 *, const T6 *, const T6 *, const T6 *)"
83352515,4192,4034,128,1,1,1024,1,1,28,0.000,0.000,,,,,NVIDIA H100 80GB HBM3 (0),1,,17,"std::enable_if<T2>(int)0&&vllm::_typeConvert<T1>::exists, void>::type vllm::fused_add_rms_norm_kernel<c10::BFloat16, (int)8, (bool)1>(T1 *, long, T1 *, const T1 *, float, int, int, long)"
83358179,186049,4049,2,66,1,384,1,1,168,0.000,0.226,,,,,NVIDIA H100 80GB HBM3 (0),1,,17,nvjet_tst_144x128_64x6_2x1_v_bz_TNN
83361929,4064,4026,128,1,1,1024,1,1,28,0.000,0.000,,,,,NVIDIA H100 80GB HBM3 (1),1,,17,"std::enable_if<T2>(int)0&&vllm::_typeConvert<T1>::exists, void>::type vllm::fused_add_rms_norm_kernel<c10::BFloat16, (int)8, (bool)1>(T1 *, long, T1 *, const T1 *, float, int, int, long)"
83368233,184767,4041,2,66,1,384,1,1,168,0.000,0.226,,,,,NVIDIA H100 80GB HBM3 (1),1,,17,nvjet_tst_144x128_64x6_2x1_v_bz_TNN
83546148,6560,4062,128,1,1,1024,1,1,31,0.000,0.000,,,,,NVIDIA H100 80GB HBM3 (0),1,,17,"void vllm::act_and_mul_kernel<c10::BFloat16, __nv_bfloat162, &vllm::silu_kernel<c10::BFloat16>, &vllm::packed_silu_kernel<__nv_bfloat162>, (bool)1, (bool)1, (bool)0, (bool)0>(T1 *, const T1 *, int, float, float, float)"
83554084,95328,4077,2,64,1,384,1,1,168,0.000,0.232,,,,,NVIDIA H100 80GB HBM3 (0),1,,17,nvjet_tst_112x128_64x7_2x1_v_bz_splitK_TNN
83554824,6880,4054,128,1,1,1024,1,1,31,0.000,0.000,,,,,NVIDIA H100 80GB HBM3 (1),1,,17,"void vllm::act_and_mul_kernel<c10::BFloat16, __nv_bfloat162, &vllm::silu_kernel<c10::BFloat16>, &vllm::packed_silu_kernel<__nv_bfloat162>, (bool)1, (bool)1, (bool)0, (bool)0>(T1 *, const T1 *, int, float, float, float)"
83563080,95583,4069,2,64,1,384,1,1,168,0.000,0.232,,,,,NVIDIA H100 80GB HBM3 (1),1,,17,nvjet_tst_112x128_64x7_2x1_v_bz_splitK_TNN
83650852,6368,4079,224,3,1,32,16,1,32,0.000,0.000,,,,,NVIDIA H100 80GB HBM3 (0),1,,17,"void cublasLt::splitKreduce_kernel<(int)32, (int)16, int, float, __nv_bfloat16, float, __nv_bfloat16, (bool)0, float, __nv_bfloat16, __nv_bfloat16, (bool)1, (bool)0, (bool)0, (bool)0>(cublasLt::cublasSplitKParams<T6>, const T4 *, const T10 *, T9 *, T5 *, const T6 *, const T6 *, const T11 *, const T4 *, T11 *, void *, long, T6 *, int *, T6 *, T6 *, const T6 *, const T6 *, const T6 *, const T6 *, const T6 *)"
83660295,6432,4071,224,3,1,32,16,1,32,0.000,0.000,,,,,NVIDIA H100 80GB HBM3 (1),1,,17,"void cublasLt::splitKreduce_kernel<(int)32, (int)16, int, float, __nv_bfloat16, float, __nv_bfloat16, (bool)0, float, __nv_bfloat16, __nv_bfloat16, (bool)1, (bool)0, (bool)0, (bool)0>(cublasLt::cublasSplitKParams<T6>, const T4 *, const T10 *, T9 *, T5 *, const T6 *, const T6 *, const T11 *, const T4 *, T11 *, void *, long, T6 *, int *, T6 *, T6 *, const T6 *, const T6 *, const T6 *, const T6 *, const T6 *)"
83663428,4064,4097,128,1,1,1024,1,1,28,0.000,0.000,,,,,NVIDIA H100 80GB HBM3 (0),1,,17,"std::enable_if<T2>(int)0&&vllm::_typeConvert<T1>::exists, void>::type vllm::fused_add_rms_norm_kernel<c10::BFloat16, (int)8, (bool)1>(T1 *, long, T1 *, const T1 *, float, int, int, long)"
83672647,4128,4089,128,1,1,1024,1,1,28,0.000,0.000,,,,,NVIDIA H100 80GB HBM3 (1),1,,17,"std::enable_if<T2>(int)0&&vllm::_typeConvert<T1>::exists, void>::type vllm::fused_add_rms_norm_kernel<c10::BFloat16, (int)8, (bool)1>(T1 *, long, T1 *, const T1 *, float, int, int, long)"
83673796,35232,4129,23,1,1,544,1,1,96,0.037,0.082,,,,,NVIDIA H100 80GB HBM3 (0),1,,17,ncclDevKernel_AllGather_RING_LL(ncclDevKernelArgsStorage<(unsigned long)4096>)
83682823,26848,4121,23,1,1,544,1,1,96,0.037,0.082,,,,,NVIDIA H100 80GB HBM3 (1),1,,17,ncclDevKernel_AllGather_RING_LL(ncclDevKernelArgsStorage<(unsigned long)4096>)
83717956,2880,4155,256,4,1,256,1,1,32,0.000,0.000,,,,,NVIDIA H100 80GB HBM3 (0),1,,17,"void at::native::vectorized_gather_kernel<(int)16, long>(char *, char *, T2 *, int, long, long, long, long, bool)"
83718119,2848,4147,256,4,1,256,1,1,32,0.000,0.000,,,,,NVIDIA H100 80GB HBM3 (1),1,,17,"void at::native::vectorized_gather_kernel<(int)16, long>(char *, char *, T2 *, int, long, long, long, long, bool)"
83722308,4640,4168,14,1,1,128,1,1,36,0.000,0.000,,,,,NVIDIA H100 80GB HBM3 (0),1,,17,"void at::native::index_elementwise_kernel<(int)128, (int)4, void at::native::gpu_index_kernel<void at::native::index_kernel_impl<at::native::OpaqueType<(int)2>>(at::TensorIteratorBase &, c10::ArrayRef<long>, c10::ArrayRef<long>)::[lambda(char *, const char *, long) (instance 1)]>(at::TensorIteratorBase &, c10::ArrayRef<long>, c10::ArrayRef<long>, const T1 &, bool)::[lambda(int) (instance 1)]>(long, T3)"
83722535,4544,4160,14,1,1,128,1,1,36,0.000,0.000,,,,,NVIDIA H100 80GB HBM3 (1),1,,17,"void at::native::index_elementwise_kernel<(int)128, (int)4, void at::native::gpu_index_kernel<void at::native::index_kernel_impl<at::native::OpaqueType<(int)2>>(at::TensorIteratorBase &, c10::ArrayRef<long>, c10::ArrayRef<long>)::[lambda(char *, const char *, long) (instance 1)]>(at::TensorIteratorBase &, c10::ArrayRef<long>, c10::ArrayRef<long>, const T1 &, bool)::[lambda(int) (instance 1)]>(long, T3)"
83728388,1280,4186,,,,,,,,,,0.000,3.125,Device,,NVIDIA H100 80GB HBM3 (0),1,,17,[CUDA memset]
83728391,1280,4178,,,,,,,,,,0.000,3.125,Device,,NVIDIA H100 80GB HBM3 (1),1,,17,[CUDA memset]
83731460,634848,4187,2,66,1,384,1,1,168,0.000,0.217,,,,,NVIDIA H100 80GB HBM3 (0),1,,17,nvjet_tst_384x8_64x4_2x1_v_bz_TNT
83731463,619165,4179,2,66,1,384,1,1,168,0.000,0.217,,,,,NVIDIA H100 80GB HBM3 (1),1,,17,nvjet_tst_384x8_64x4_2x1_v_bz_TNT
84352356,3552,4192,1,1,1,128,1,1,36,0.000,0.000,,,,,NVIDIA H100 80GB HBM3 (1),1,,17,"void at::native::index_elementwise_kernel<(int)128, (int)4, void at::native::gpu_index_kernel<void at::native::index_kernel_impl<at::native::OpaqueType<(int)8>>(at::TensorIteratorBase &, c10::ArrayRef<long>, c10::ArrayRef<long>)::[lambda(char *, const char *, long) (instance 1)]>(at::TensorIteratorBase &, c10::ArrayRef<long>, c10::ArrayRef<long>, const T1 &, bool)::[lambda(int) (instance 1)]>(long, T3)"
84357252,2752,4205,1,1,1,128,1,1,36,0.000,0.000,,,,,NVIDIA H100 80GB HBM3 (1),1,,17,"void at::native::index_elementwise_kernel<(int)128, (int)4, void at::native::gpu_index_kernel<void at::native::index_kernel_impl<at::native::OpaqueType<(int)4>>(at::TensorIteratorBase &, c10::ArrayRef<long>, c10::ArrayRef<long>)::[lambda(char *, const char *, long) (instance 1)]>(at::TensorIteratorBase &, c10::ArrayRef<long>, c10::ArrayRef<long>, const T1 &, bool)::[lambda(int) (instance 1)]>(long, T3)"
84361348,6240,4234,1,127,1,128,1,1,56,0.000,0.000,,,,,NVIDIA H100 80GB HBM3 (1),1,,17,_gumbel_sample_kernel
84368004,3808,4200,1,1,1,128,1,1,36,0.000,0.000,,,,,NVIDIA H100 80GB HBM3 (0),1,,17,"void at::native::index_elementwise_kernel<(int)128, (int)4, void at::native::gpu_index_kernel<void at::native::index_kernel_impl<at::native::OpaqueType<(int)8>>(at::TensorIteratorBase &, c10::ArrayRef<long>, c10::ArrayRef<long>)::[lambda(char *, const char *, long) (instance 1)]>(at::TensorIteratorBase &, c10::ArrayRef<long>, c10::ArrayRef<long>, const T1 &, bool)::[lambda(int) (instance 1)]>(long, T3)"
84368708,5504,4245,1,1,1,64,1,1,32,0.000,0.001,,,,,NVIDIA H100 80GB HBM3 (1),1,,17,"void at::native::reduce_kernel<(int)512, (int)1, at::native::ReduceOp<float, at::native::ArgMaxOps<float>, unsigned int, long, (int)4, (int)4>>(T3)"
84372964,2880,4213,1,1,1,128,1,1,36,0.000,0.000,,,,,NVIDIA H100 80GB HBM3 (0),1,,17,"void at::native::index_elementwise_kernel<(int)128, (int)4, void at::native::gpu_index_kernel<void at::native::index_kernel_impl<at::native::OpaqueType<(int)4>>(at::TensorIteratorBase &, c10::ArrayRef<long>, c10::ArrayRef<long>)::[lambda(char *, const char *, long) (instance 1)]>(at::TensorIteratorBase &, c10::ArrayRef<long>, c10::ArrayRef<long>, const T1 &, bool)::[lambda(int) (instance 1)]>(long, T3)"
84375524,2528,4255,1,1,1,128,1,1,32,0.000,0.000,,,,,NVIDIA H100 80GB HBM3 (1),1,,17,"void at::native::_scatter_gather_elementwise_kernel<(int)128, (int)8, void at::native::_cuda_scatter_gather_internal_kernel<(bool)0, at::native::OpaqueType<(int)8>, long>::operator ()<at::native::TensorAssign>(at::TensorIterator &, long, long, long, const T1 &)::[lambda(int) (instance 1)]>(int, T3)"
84377252,6880,4242,1,127,1,128,1,1,56,0.000,0.000,,,,,NVIDIA H100 80GB HBM3 (0),1,,17,_gumbel_sample_kernel
84379524,1344,4268,1,1,1,128,1,1,16,0.000,0.000,,,,,NVIDIA H100 80GB HBM3 (1),1,,17,"void at::native::vectorized_elementwise_kernel<(int)4, at::native::FillFunctor<int>, std::array<char *, (unsigned long)1>>(int, T2, T3)"
84382308,3072,4287,1,1,1,128,1,1,16,0.000,0.000,,,,,NVIDIA H100 80GB HBM3 (1),1,,17,_get_num_sampled_and_rejected_kernel
84385444,5152,4253,1,1,1,64,1,1,32,0.000,0.001,,,,,NVIDIA H100 80GB HBM3 (0),1,,17,"void at::native::reduce_kernel<(int)512, (int)1, at::native::ReduceOp<float, at::native::ArgMaxOps<float>, unsigned int, long, (int)4, (int)4>>(T3)"
84388772,3776,4351,1,1,1,32,1,1,30,0.000,0.000,,,,,NVIDIA H100 80GB HBM3 (1),1,,17,_post_update_kernel
84389860,2496,4316,,,,,,,,,,0.000,3.205,Device,Pinned,NVIDIA H100 80GB HBM3 (1),1,,21,[CUDA memcpy Device-to-Host]
84391748,2528,4263,1,1,1,128,1,1,32,0.000,0.000,,,,,NVIDIA H100 80GB HBM3 (0),1,,17,"void at::native::_scatter_gather_elementwise_kernel<(int)128, (int)8, void at::native::_cuda_scatter_gather_internal_kernel<(bool)0, at::native::OpaqueType<(int)8>, long>::operator ()<at::native::TensorAssign>(at::TensorIterator &, long, long, long, const T1 &)::[lambda(int) (instance 1)]>(int, T3)"
84395332,2528,4325,,,,,,,,,,0.000,1.582,Device,Pinned,NVIDIA H100 80GB HBM3 (1),1,,21,[CUDA memcpy Device-to-Host]
84395492,1344,4276,1,1,1,128,1,1,16,0.000,0.000,,,,,NVIDIA H100 80GB HBM3 (0),1,,17,"void at::native::vectorized_elementwise_kernel<(int)4, at::native::FillFunctor<int>, std::array<char *, (unsigned long)1>>(int, T2, T3)"
84398052,2912,4295,1,1,1,128,1,1,16,0.000,0.000,,,,,NVIDIA H100 80GB HBM3 (0),1,,17,_get_num_sampled_and_rejected_kernel
84402884,3168,4324,,,,,,,,,,0.000,2.525,Device,Pinned,NVIDIA H100 80GB HBM3 (0),1,,21,[CUDA memcpy Device-to-Host]
84404484,4320,4359,1,1,1,32,1,1,30,0.000,0.000,,,,,NVIDIA H100 80GB HBM3 (0),1,,17,_post_update_kernel
84408740,2368,4333,,,,,,,,,,0.000,1.689,Device,Pinned,NVIDIA H100 80GB HBM3 (0),1,,21,[CUDA memcpy Device-to-Host]
