Elapsed Time (sec),Total Time (sec),Instances,Name
0.008560176,0.016892728,6,nvjet_tst_192x192_64x4_1x2_h_bz_coopB_TNN
0.004742772,0.009475403,8,"void flashinfer::ConcatMLAKKernel<__nv_bfloat16>(T1 *, const T1 *, const T1 *, int, long, int, long, int, long)"
0.004318259,0.008621483,6,"void cutlass::device_kernel<flash::enable_sm90_or_later<flash::FlashAttnFwdSm90<flash::CollectiveMainloopFwdSm90<(int)2, cute::tuple<cute::C<(int)1>, cute::C<(int)1>, cute::C<(int)1>>, cute::tuple<cute::C<(int)128>, cute::C<(int)128>, cute::C<(int)192>>, (int)128, cutlass::bfloat16_t, float, cutlass::arch::Sm90, (bool)0, (bool)0, (bool)0, (bool)1, (bool)0, (bool)0, (bool)0, (bool)1, (bool)1, (bool)0, (bool)0, (bool)0, cutlass::bfloat16_t, (int)1>, flash::CollectiveEpilogueFwd<cute::tuple<cute::C<(int)128>, cute::C<(int)128>, cute::C<(int)128>>, cute::tuple<cute::C<(int)1>, cute::C<(int)1>, cute::C<(int)1>>, cutlass::bfloat16_t, cutlass::arch::Sm90, (int)256, (bool)1, (bool)0, (bool)0, (bool)0, (int)1>, flash::VarlenDynamicPersistentTileScheduler<(int)128, (int)128, (int)256, (int)32, (bool)0, (bool)0, (bool)1, (bool)0, (bool)0, (bool)1>>>>(T1::Params)"
0.002729696,0.004562902,6,"void vllm::cp_gather_cache<unsigned short>(const T1 *, T1 *, const int *, const int *, int, int, long, long, long, long, const int *)"
0.00122646,0.002257913,12,ncclDevKernel_AllGather_RING_LL(ncclDevKernelArgsStorage<(unsigned long)4096>)
0.000639162,0.001253564,2,nvjet_tst_384x8_64x4_2x1_v_bz_TNT
0.000306207,0.000638079,12,"void at::native::<unnamed>::CatArrayBatchedCopy<at::native::<unnamed>::OpaqueType<(unsigned int)2>, unsigned int, (int)3, (int)64, (int)64>(T1 *, at::native::<unnamed>::CatArrInputTensorMetadata<T1, T2, T4, T5>, at::native::<unnamed>::TensorSizeStride<T2, (unsigned int)4>, int, T2)"
0.000206624,0.000361792,4,nvjet_tst_112x128_64x7_2x1_v_bz_splitK_TNN
0.000203935,0.000371007,2,nvjet_tst_144x128_64x6_2x1_v_bz_TNN
0.000162784,0.000315424,10,[CUDA memcpy Device-to-Device]
0.000130784,0.000131584,38,[CUDA memcpy Host-to-Device]
8.3776e-05,8.3776e-05,8,_apply_write_kernel
3.1744e-05,6.4192e-05,2,nvjet_tst_192x128_64x5_2x1_v_bz_coopB_TNT
2.9279e-05,2.9279e-05,2,nvjet_tst_64x64_64x13_1x2_h_bz_splitK_TNT
2.1056e-05,4.1408e-05,2,"void cutlass::device_kernel<flash::enable_sm90_or_later<flash::FlashAttnFwdSm90<flash::CollectiveMainloopFwdSm90<(int)2, cute::tuple<cute::C<(int)1>, cute::C<(int)1>, cute::C<(int)1>>, cute::tuple<cute::C<(int)128>, cute::C<(int)128>, cute::C<(int)192>>, (int)128, cutlass::bfloat16_t, float, cutlass::arch::Sm90, (bool)1, (bool)0, (bool)0, (bool)1, (bool)0, (bool)0, (bool)0, (bool)1, (bool)1, (bool)0, (bool)0, (bool)0, cutlass::bfloat16_t, (int)1>, flash::CollectiveEpilogueFwd<cute::tuple<cute::C<(int)128>, cute::C<(int)128>, cute::C<(int)128>>, cute::tuple<cute::C<(int)1>, cute::C<(int)1>, cute::C<(int)1>>, cutlass::bfloat16_t, cutlass::arch::Sm90, (int)256, (bool)1, (bool)0, (bool)0, (bool)0, (int)1>, flash::VarlenDynamicPersistentTileScheduler<(int)128, (int)128, (int)256, (int)32, (bool)0, (bool)0, (bool)1, (bool)1, (bool)0, (bool)1>>>>(T1::Params)"
1.7696e-05,3.5456e-05,2,nvjet_tst_256x128_64x4_2x1_v_bz_coopA_TNT
1.1232e-05,1.1232e-05,4,"void at::native::_scatter_gather_elementwise_kernel<(int)128, (int)8, void at::native::_cuda_scatter_gather_internal_kernel<(bool)0, at::native::OpaqueType<(int)8>, long>::operator ()<at::native::TensorAssign>(at::TensorIterator &, long, long, long, const T1 &)::[lambda(int) (instance 1)]>(int, T3)"
1.0816e-05,1.0816e-05,4,_combine_sampled_and_draft_tokens_kernel
1.0596e-05,1.3184e-05,4,"void at::native::vectorized_gather_kernel<(int)16, long>(char *, char *, T2 *, int, long, long, long, long, bool)"
1.0428e-05,1.5264e-05,6,"void vllm::rms_norm_kernel<c10::BFloat16, (int)8, (int)2, (bool)1>(T1 *, const T1 *, long, long, long, long, long, const T1 *, long, float, int, int)"
8.608e-06,8.608e-06,2,_compute_slot_mappings_kernel
8.544e-06,8.544e-06,2,_post_update_kernel
7.776e-06,7.776e-06,2,_prepare_prefill_inputs_kernel
7.392e-06,7.392e-06,2,_gather_block_tables_kernel
6.752e-06,8.32e-06,6,"void at::native::vectorized_elementwise_kernel<(int)4, at::native::FillFunctor<int>, std::array<char *, (unsigned long)1>>(int, T2, T3)"
6.368e-06,6.368e-06,4,_prepare_pos_seq_lens_kernel
5.632e-06,5.632e-06,2,_get_num_sampled_and_rejected_kernel
5.376e-06,5.376e-06,4,_dcp_local_seq_lens_kernel
5.184e-06,5.184e-06,4,"void at::native::vectorized_elementwise_kernel<(int)8, at::native::FillFunctor<bool>, std::array<char *, (unsigned long)1>>(int, T2, T3)"
5.124e-06,9.024e-06,2,"void at::native::index_elementwise_kernel<(int)128, (int)4, void at::native::gpu_index_kernel<void at::native::index_kernel_impl<at::native::OpaqueType<(int)2>>(at::TensorIteratorBase &, c10::ArrayRef<long>, c10::ArrayRef<long>)::[lambda(char *, const char *, long) (instance 1)]>(at::TensorIteratorBase &, c10::ArrayRef<long>, c10::ArrayRef<long>, const T1 &, bool)::[lambda(int) (instance 1)]>(long, T3)"
5.024e-06,5.024e-06,4,"void <unnamed>::elementwise_kernel_with_index<int, at::native::arange_cuda_out(const c10::Scalar &, const c10::Scalar &, const c10::Scalar &, at::Tensor &)::[lambda() (instance 1)]::operator ()() const::[lambda() (instance 3)]::operator ()() const::[lambda(long) (instance 1)]>(T1, T2, function_traits<T2>::result_type *)"
4.896e-06,9.44e-06,2,"void at::native::reduce_kernel<(int)512, (int)1, at::native::ReduceOp<float, at::native::ArgMaxOps<float>, unsigned int, long, (int)4, (int)4>>(T3)"
4.672e-06,4.672e-06,2,"void at::native::elementwise_kernel<(int)128, (int)2, void at::native::gpu_kernel_impl_nocast<at::native::<unnamed>::where_kernel_impl(at::TensorIterator &)::[lambda() (instance 1)]::operator ()() const::[lambda() (instance 4)]::operator ()() const::[lambda(bool, unsigned long, unsigned long) (instance 1)]>(at::TensorIteratorBase &, const T1 &)::[lambda(int) (instance 1)]>(int, T3)"
4.544e-06,1.0016e-05,4,[CUDA memcpy Device-to-Host]
4.413e-06,5.12e-06,2,"void at::native::_scatter_gather_elementwise_kernel<(int)128, (int)8, void at::native::_cuda_scatter_gather_internal_kernel<(bool)0, at::native::OpaqueType<(int)4>, long>::operator ()<at::native::TensorAssign>(at::TensorIterator &, long, long, long, const T1 &)::[lambda(int) (instance 1)]>(int, T3)"
4.383e-06,4.383e-06,2,"void at::native::elementwise_kernel<(int)128, (int)2, void at::native::gpu_kernel_impl_nocast<at::native::CUDAFunctor_add<int>>(at::TensorIteratorBase &, const T1 &)::[lambda(int) (instance 1)]>(int, T3)"
3.648e-06,3.648e-06,2,"void at::native::unrolled_elementwise_kernel<at::native::direct_copy_kernel_cuda(at::TensorIteratorBase &)::[lambda() (instance 3)]::operator ()() const::[lambda() (instance 4)]::operator ()() const::[lambda(long) (instance 1)], std::array<char *, (unsigned long)2>, (int)4, TrivialOffsetCalculator<(int)1, unsigned int>, TrivialOffsetCalculator<(int)1, unsigned int>, at::native::memory::LoadWithCast<(int)1>, at::native::memory::StoreWithCast<(int)1>>(int, T1, T2, T4, T5, T6, T7)"
3.396e-06,7.424e-06,8,[CUDA memset]
3.072e-06,6.112e-06,2,"void flashinfer::BatchQKApplyRotaryPosIdsCosSinCacheHeadParallelismKernel<(bool)1, (unsigned int)64, (unsigned int)8, (unsigned int)8, __nv_bfloat16, long>(T5 *, T5 *, T5 *, T5 *, float *, T6 *, unsigned int, unsigned int, unsigned int, unsigned int, unsigned long, unsigned long, unsigned long, unsigned long, unsigned long, unsigned long, unsigned long, unsigned long)"
2.972e-06,8.064e-06,2,"void at::native::index_elementwise_kernel<(int)128, (int)4, void at::native::gpu_index_kernel<void at::native::index_kernel_impl<at::native::OpaqueType<(int)8>>(at::TensorIteratorBase &, c10::ArrayRef<long>, c10::ArrayRef<long>)::[lambda(char *, const char *, long) (instance 1)]>(at::TensorIteratorBase &, c10::ArrayRef<long>, c10::ArrayRef<long>, const T1 &, bool)::[lambda(int) (instance 1)]>(long, T3)"
2.944e-06,6.016e-06,2,"void at::native::elementwise_kernel<(int)128, (int)4, void at::native::gpu_kernel_impl_nocast<at::native::direct_copy_kernel_cuda(at::TensorIteratorBase &)::[lambda() (instance 3)]::operator ()() const::[lambda() (instance 12)]::operator ()() const::[lambda(c10::BFloat16) (instance 1)]>(at::TensorIteratorBase &, const T1 &)::[lambda(int) (instance 1)]>(int, T3)"
2.72e-06,3.1232e-05,6,"void cublasLt::splitKreduce_kernel<(int)32, (int)16, int, float, __nv_bfloat16, float, __nv_bfloat16, (bool)0, float, __nv_bfloat16, __nv_bfloat16, (bool)1, (bool)0, (bool)0, (bool)0>(cublasLt::cublasSplitKParams<T6>, const T4 *, const T10 *, T9 *, T5 *, const T6 *, const T6 *, const T11 *, const T4 *, T11 *, void *, long, T6 *, int *, T6 *, T6 *, const T6 *, const T6 *, const T6 *, const T6 *, const T6 *)"
2.656e-06,5.312e-06,2,"void vllm::concat_and_cache_mla_kernel<__nv_bfloat16, __nv_bfloat16, (vllm::Fp8KVCacheDataType)0>(const T1 *, const T1 *, T2 *, const long *, int, int, int, int, int, int, int, const float *)"
2.464e-06,2.2624e-05,8,"void flash::prepare_varlen_num_blocks_kernel<(int)1, (bool)0>(int, int, int, const int *, const int *, const int *, const int *, const int *, const int *, int, int, int, int, int, cutlass::FastDivmod, cutlass::FastDivmod, int *, int *, int *, int *, int *, bool, bool, bool, int)"
1.532e-06,1.2128e-05,2,_gumbel_sample_kernel
0.0,1.6096e-05,4,"std::enable_if<T2>(int)0&&vllm::_typeConvert<T1>::exists, void>::type vllm::fused_add_rms_norm_kernel<c10::BFloat16, (int)8, (bool)1>(T1 *, long, T1 *, const T1 *, float, int, int, long)"
0.0,5.696e-06,2,"void at::native::index_elementwise_kernel<(int)128, (int)4, void at::native::gpu_index_kernel<void at::native::index_kernel_impl<at::native::OpaqueType<(int)4>>(at::TensorIteratorBase &, c10::ArrayRef<long>, c10::ArrayRef<long>)::[lambda(char *, const char *, long) (instance 1)]>(at::TensorIteratorBase &, c10::ArrayRef<long>, c10::ArrayRef<long>, const T1 &, bool)::[lambda(int) (instance 1)]>(long, T3)"
0.0,1.1456e-05,4,"void at::native::elementwise_kernel<(int)128, (int)2, void at::native::gpu_kernel_impl_nocast<at::native::direct_copy_kernel_cuda(at::TensorIteratorBase &)::[lambda() (instance 3)]::operator ()() const::[lambda() (instance 7)]::operator ()() const::[lambda(float) (instance 1)]>(at::TensorIteratorBase &, const T1 &)::[lambda(int) (instance 1)]>(int, T3)"
0.0,1.36e-05,2,"void vllm::act_and_mul_kernel<c10::BFloat16, __nv_bfloat162, &vllm::silu_kernel<c10::BFloat16>, &vllm::packed_silu_kernel<__nv_bfloat162>, (bool)1, (bool)1, (bool)0, (bool)0>(T1 *, const T1 *, int, float, float, float)"
0.0,2.7968e-05,6,"void vllm::merge_attn_states_kernel<__nv_bfloat16, __nv_bfloat16, (unsigned int)128, (bool)0>(T2 *, float *, const T1 *, const float *, const T1 *, const float *, unsigned int, unsigned int, unsigned int, unsigned int, unsigned int, unsigned int, unsigned int, unsigned int, unsigned int, unsigned int, unsigned int, unsigned int, const float *)"
