rowid,pid,runtime_tid,device,context,stream,start_ns,end_ns,duration_ns,correlation_id,runtime_start_ns,runtime_end_ns,runtime_name,marker_categories,kernel_name,short_name
1,82687,82687,1,1,17,59931637,59935189,3552,5589,59905678,59934069,cuLaunchKernelEx,,_apply_write_kernel,_apply_write_kernel
2,82686,82686,0,1,17,60687560,60691368,3808,5589,60648008,60690060,cuLaunchKernelEx,,_apply_write_kernel,_apply_write_kernel
3,82687,82687,1,1,17,62259640,62276952,17312,5629,62243949,62261007,cuLaunchKernelEx,,_apply_write_kernel,_apply_write_kernel
4,82687,82687,1,1,17,62428633,62432249,3616,5669,62418478,62426893,cuLaunchKernelEx,,_apply_write_kernel,_apply_write_kernel
5,82687,82687,1,1,17,62629273,62633401,4128,5751,62621258,62627016,cuLaunchKernelEx,,_apply_write_kernel,_apply_write_kernel
6,82687,82687,1,1,17,62689625,62690905,1280,5760,62680182,62690757,cudaLaunchKernel_v7000,,"void at::native::vectorized_elementwise_kernel<(int)8, at::native::FillFunctor<bool>, std::array<char *, (unsigned long)1>>(int, T2, T3)",vectorized_elementwise_kernel
7,82687,82687,1,1,17,62844761,62845913,1152,5815,62835868,62844846,cudaLaunchKernel_v7000,,"void <unnamed>::elementwise_kernel_with_index<int, at::native::arange_cuda_out(const c10::Scalar &, const c10::Scalar &, const c10::Scalar &, at::Tensor &)::[lambda() (instance 1)]::operator ()() const::[lambda() (instance 3)]::operator ()() const::[lambda(long) (instance 1)]>(T1, T2, function_traits<T2>::result_type *)",elementwise_kernel_with_index
8,82687,82687,1,1,17,62873081,62874457,1376,5829,62866077,62872012,cudaLaunchKernel_v7000,,"void at::native::vectorized_elementwise_kernel<(int)4, at::native::FillFunctor<int>, std::array<char *, (unsigned long)1>>(int, T2, T3)",vectorized_elementwise_kernel
9,82687,82687,1,1,17,63031354,63035354,4000,5872,63023421,63031341,cuLaunchKernelEx,,_prepare_prefill_inputs_kernel,_prepare_prefill_inputs_kernel
10,82687,82687,1,1,17,63064474,63065946,1472,5880,63057289,63064521,cuLaunchKernelEx,,_prepare_pos_seq_lens_kernel,_prepare_pos_seq_lens_kernel
11,82687,82687,1,1,17,63099802,63101082,1280,5888,63092663,63109230,cuLaunchKernelEx,,_dcp_local_seq_lens_kernel,_dcp_local_seq_lens_kernel
12,82687,82687,1,1,17,63158650,63161370,2720,5909,63151332,63157557,cuLaunchKernelEx,,_combine_sampled_and_draft_tokens_kernel,_combine_sampled_and_draft_tokens_kernel
13,82687,82687,1,1,17,63566330,63569018,2688,6027,63554114,63565988,cudaLaunchKernel_v7000,,"void at::native::_scatter_gather_elementwise_kernel<(int)128, (int)8, void at::native::_cuda_scatter_gather_internal_kernel<(bool)0, at::native::OpaqueType<(int)4>, long>::operator ()<at::native::TensorAssign>(at::TensorIterator &, long, long, long, const T1 &)::[lambda(int) (instance 1)]>(int, T3)",_scatter_gather_elementwise_kernel
14,82687,82687,1,1,17,63704155,63706011,1856,6138,63695280,63704505,cuLaunchKernelEx,,_prepare_pos_seq_lens_kernel,_prepare_pos_seq_lens_kernel
15,82687,82687,1,1,17,63727227,63728475,1248,6150,63720459,63725467,cudaLaunchKernel_v7000,,"void at::native::vectorized_elementwise_kernel<(int)8, at::native::FillFunctor<bool>, std::array<char *, (unsigned long)1>>(int, T2, T3)",vectorized_elementwise_kernel
16,82687,82687,1,1,17,63752539,63753851,1312,6173,63745855,63750771,cudaLaunchKernel_v7000,,"void <unnamed>::elementwise_kernel_with_index<int, at::native::arange_cuda_out(const c10::Scalar &, const c10::Scalar &, const c10::Scalar &, at::Tensor &)::[lambda() (instance 1)]::operator ()() const::[lambda() (instance 3)]::operator ()() const::[lambda(long) (instance 1)]>(T1, T2, function_traits<T2>::result_type *)",elementwise_kernel_with_index
17,82687,82687,1,1,17,63791867,63794843,2976,6194,63785914,63789845,cuLaunchKernelEx,,_combine_sampled_and_draft_tokens_kernel,_combine_sampled_and_draft_tokens_kernel
18,82687,82687,1,1,17,63826907,63828187,1280,6199,63819357,63835553,cuLaunchKernelEx,,_dcp_local_seq_lens_kernel,_dcp_local_seq_lens_kernel
19,82687,82687,1,1,17,63858715,63859899,1184,6213,63852234,63856718,cudaLaunchKernel_v7000,,"void at::native::vectorized_elementwise_kernel<(int)4, at::native::FillFunctor<int>, std::array<char *, (unsigned long)1>>(int, T2, T3)",vectorized_elementwise_kernel
20,82687,82687,1,1,17,63915899,63919675,3776,6232,63908940,63914684,cuLaunchKernelEx,,_gather_block_tables_kernel,_gather_block_tables_kernel
21,82687,82687,1,1,17,63956187,63960475,4288,6245,63948477,63954908,cuLaunchKernelEx,,_compute_slot_mappings_kernel,_compute_slot_mappings_kernel
22,82687,82687,1,1,17,63996827,63999643,2816,6258,63989349,63995539,cudaLaunchKernel_v7000,,"void at::native::_scatter_gather_elementwise_kernel<(int)128, (int)8, void at::native::_cuda_scatter_gather_internal_kernel<(bool)0, at::native::OpaqueType<(int)8>, long>::operator ()<at::native::TensorAssign>(at::TensorIterator &, long, long, long, const T1 &)::[lambda(int) (instance 1)]>(int, T3)",_scatter_gather_elementwise_kernel
23,82687,82687,1,1,17,64029403,64031451,2048,6266,64021753,64029831,cudaLaunchKernel_v7000,,"void at::native::elementwise_kernel<(int)128, (int)2, void at::native::gpu_kernel_impl_nocast<at::native::<unnamed>::where_kernel_impl(at::TensorIterator &)::[lambda() (instance 1)]::operator ()() const::[lambda() (instance 4)]::operator ()() const::[lambda(bool, unsigned long, unsigned long) (instance 1)]>(at::TensorIteratorBase &, const T1 &)::[lambda(int) (instance 1)]>(int, T3)",elementwise_kernel
24,82687,82687,1,1,17,64237115,64238459,1344,6299,64230375,64235191,cudaLaunchKernel_v7000,,"void at::native::vectorized_elementwise_kernel<(int)4, at::native::FillFunctor<int>, std::array<char *, (unsigned long)1>>(int, T2, T3)",vectorized_elementwise_kernel
25,82687,82687,1,1,17,64269179,64270747,1568,6333,64262193,64268744,cudaLaunchKernel_v7000,,"void at_cuda_detail::cub::DeviceScanInitKernel<at_cuda_detail::cub::ScanTileState<int, (bool)1>>(T1, int)",DeviceScanInitKernel
26,82687,82687,1,1,17,64283931,64285755,1824,6343,64276637,64283535,cudaLaunchKernel_v7000,,"void at_cuda_detail::cub::DeviceScanKernel<at_cuda_detail::cub::detail::scan::policy_hub<int, int, int, unsigned int, std::plus<int>>::Policy1000, const int *, int *, at_cuda_detail::cub::ScanTileState<int, (bool)1>, std::plus<int>, at_cuda_detail::cub::NullType, unsigned int, int, (bool)0>(T2, T3, T4, int, T5, T6, T7)",DeviceScanKernel
27,82687,82687,1,1,17,64313116,64314268,1152,6368,64306673,64311111,cudaLaunchKernel_v7000,,"void <unnamed>::elementwise_kernel_with_index<int, at::native::arange_cuda_out(const c10::Scalar &, const c10::Scalar &, const c10::Scalar &, at::Tensor &)::[lambda() (instance 1)]::operator ()() const::[lambda() (instance 3)]::operator ()() const::[lambda(long) (instance 1)]>(T1, T2, function_traits<T2>::result_type *)",elementwise_kernel_with_index
28,82687,82687,1,1,17,64353436,64355228,1792,6381,64344937,64352113,cudaLaunchKernel_v7000,,"void at::native::vectorized_elementwise_kernel<(int)4, at::native::BUnaryFunctor<int, int, int, at::native::binary_internal::div_floor_kernel_cuda(at::TensorIteratorBase &)::[lambda() (instance 1)]::operator ()() const::[lambda() (instance 3)]::operator ()() const::[lambda(int, int) (instance 1)]>, std::array<char *, (unsigned long)2>>(int, T2, T3)",vectorized_elementwise_kernel
29,82687,82687,1,1,17,64364860,64366748,1888,6394,64359036,64362373,cudaLaunchKernel_v7000,,"void at::native::vectorized_elementwise_kernel<(int)4, at::native::BUnaryFunctor<int, int, int, at::native::binary_internal::div_floor_kernel_cuda(at::TensorIteratorBase &)::[lambda() (instance 1)]::operator ()() const::[lambda() (instance 3)]::operator ()() const::[lambda(int, int) (instance 1)]>, std::array<char *, (unsigned long)2>>(int, T2, T3)",vectorized_elementwise_kernel
30,82687,82687,1,1,17,64385532,64386876,1344,6404,64377559,64384896,cudaLaunchKernel_v7000,,"void at::native::vectorized_elementwise_kernel<(int)4, at::native::AUnaryFunctor<int, int, int, at::native::binary_internal::MulFunctor<int>>, std::array<char *, (unsigned long)2>>(int, T2, T3)",vectorized_elementwise_kernel
31,82687,82687,1,1,17,64395868,64397180,1312,6414,64390091,64393518,cudaLaunchKernel_v7000,,"void at::native::vectorized_elementwise_kernel<(int)4, at::native::AUnaryFunctor<int, int, int, at::native::binary_internal::MulFunctor<int>>, std::array<char *, (unsigned long)2>>(int, T2, T3)",vectorized_elementwise_kernel
32,82687,82687,1,1,17,64414204,64415740,1536,6424,64406686,64413242,cudaLaunchKernel_v7000,,"void at::native::vectorized_elementwise_kernel<(int)4, at::native::CUDAFunctor_add<int>, std::array<char *, (unsigned long)3>>(int, T2, T3)",vectorized_elementwise_kernel
33,82687,82687,1,1,17,64427452,64428956,1504,6434,64421407,64425213,cudaLaunchKernel_v7000,,"void at::native::vectorized_elementwise_kernel<(int)4, at::native::AUnaryFunctor<int, int, int, at::native::binary_internal::MulFunctor<int>>, std::array<char *, (unsigned long)2>>(int, T2, T3)",vectorized_elementwise_kernel
34,82687,82687,1,1,17,64438108,64440092,1984,6444,64431768,64444762,cudaLaunchKernel_v7000,,"void at::native::elementwise_kernel<(int)128, (int)2, void at::native::gpu_kernel_impl_nocast<at::native::CUDAFunctor_add<int>>(at::TensorIteratorBase &, const T1 &)::[lambda(int) (instance 1)]>(int, T3)",elementwise_kernel
35,82687,82687,1,1,17,64469788,64471420,1632,6454,64462919,64469624,cudaLaunchKernel_v7000,,"void at::native::vectorized_elementwise_kernel<(int)4, at::native::<unnamed>::launch_clamp_scalar(at::TensorIteratorBase &, c10::Scalar, c10::Scalar, at::native::detail::ClampLimits)::[lambda() (instance 1)]::operator ()() const::[lambda() (instance 3)]::operator ()() const::[lambda(int) (instance 1)], std::array<char *, (unsigned long)2>>(int, T2, T3)",vectorized_elementwise_kernel
36,82687,82687,1,1,17,64495516,64497660,2144,6464,64489414,64493174,cudaLaunchKernel_v7000,,"void at::native::elementwise_kernel<(int)128, (int)2, void at::native::gpu_kernel_impl_nocast<at::native::CUDAFunctor_add<int>>(at::TensorIteratorBase &, const T1 &)::[lambda(int) (instance 1)]>(int, T3)",elementwise_kernel
37,82687,82687,1,1,17,64516220,64517564,1344,6481,64510262,64513782,cudaLaunchKernel_v7000,,"void at::native::vectorized_elementwise_kernel<(int)4, at::native::FillFunctor<int>, std::array<char *, (unsigned long)1>>(int, T2, T3)",vectorized_elementwise_kernel
38,82687,82687,1,1,17,64543292,64544924,1632,6500,64535416,64543042,cudaLaunchKernel_v7000,,"void at::native::elementwise_kernel<(int)128, (int)2, void at::native::gpu_kernel_impl_nocast<at::native::direct_copy_kernel_cuda(at::TensorIteratorBase &)::[lambda() (instance 3)]::operator ()() const::[lambda() (instance 3)]::operator ()() const::[lambda(int) (instance 1)]>(at::TensorIteratorBase &, const T1 &)::[lambda(int) (instance 1)]>(int, T3)",elementwise_kernel
39,82687,82687,1,1,17,64555452,64556732,1280,6526,64549905,64553163,cudaLaunchKernel_v7000,,"void at_cuda_detail::cub::DeviceScanInitKernel<at_cuda_detail::cub::ScanTileState<int, (bool)1>>(T1, int)",DeviceScanInitKernel
40,82687,82687,1,1,17,64561948,64563900,1952,6536,64555862,64559923,cudaLaunchKernel_v7000,,"void at_cuda_detail::cub::DeviceScanKernel<at_cuda_detail::cub::detail::scan::policy_hub<int, int, int, unsigned int, std::plus<int>>::Policy1000, const int *, int *, at_cuda_detail::cub::ScanTileState<int, (bool)1>, std::plus<int>, at_cuda_detail::cub::NullType, unsigned int, int, (bool)0>(T2, T3, T4, int, T5, T6, T7)",DeviceScanKernel
41,82687,82687,1,1,17,64619804,64621564,1760,6569,64612442,64619679,cudaLaunchKernel_v7000,,"void at::native::unrolled_elementwise_kernel<at::native::direct_copy_kernel_cuda(at::TensorIteratorBase &)::[lambda() (instance 3)]::operator ()() const::[lambda() (instance 4)]::operator ()() const::[lambda(long) (instance 1)], std::array<char *, (unsigned long)2>, (int)4, TrivialOffsetCalculator<(int)1, unsigned int>, TrivialOffsetCalculator<(int)1, unsigned int>, at::native::memory::LoadWithCast<(int)1>, at::native::memory::StoreWithCast<(int)1>>(int, T1, T2, T4, T5, T6, T7)",unrolled_elementwise_kernel
42,82687,82687,1,1,17,64634588,64638396,3808,6578,64627356,64633062,cudaLaunchKernel_v7000,,"void at::native::reduce_kernel<(int)256, (int)2, at::native::ReduceOp<long, at::native::func_wrapper_t<long, at::native::sum_functor<long, long, long>::operator ()(at::TensorIterator &)::[lambda(long, long) (instance 1)]>, unsigned int, long, (int)4, (int)4>>(T3)",reduce_kernel
43,82687,82687,1,1,17,64654940,64657564,2624,6595,64647655,64654373,cudaLaunchKernel_v7000,,"void at::native::reduce_kernel<(int)512, (int)1, at::native::ReduceOp<long, at::native::func_wrapper_t<long, at::native::MaxNanFunctor<long>>, unsigned int, long, (int)4, (int)4>>(T3)",reduce_kernel
44,82687,82687,1,1,17,64687676,64689724,2048,6617,64681735,64685394,cudaLaunchKernel_v7000,,"void at::native::elementwise_kernel<(int)128, (int)2, void at::native::gpu_kernel_impl_nocast<at::native::CUDAFunctor_add<int>>(at::TensorIteratorBase &, const T1 &)::[lambda(int) (instance 1)]>(int, T3)",elementwise_kernel
45,82687,82687,1,1,17,64748764,64753372,4608,6647,64740888,64748387,cuLaunchKernelEx,,kernel,kernel
46,82687,82687,1,1,17,64838748,64839932,1184,6653,64832530,64836457,cudaLaunchKernel_v7000,,"void at::native::vectorized_elementwise_kernel<(int)4, at::native::FillFunctor<int>, std::array<char *, (unsigned long)1>>(int, T2, T3)",vectorized_elementwise_kernel
47,82686,82686,0,1,17,64908688,64925456,16768,5629,64891086,64908115,cuLaunchKernelEx,,_apply_write_kernel,_apply_write_kernel
48,82687,82687,1,1,17,64962045,64963677,1632,6699,64955325,64970433,cudaLaunchKernel_v7000,,"void at::native::elementwise_kernel<(int)128, (int)2, void at::native::gpu_kernel_impl_nocast<at::native::CUDAFunctor_add<int>>(at::TensorIteratorBase &, const T1 &)::[lambda(int) (instance 1)]>(int, T3)",elementwise_kernel
49,82686,82686,0,1,17,65146896,65150800,3904,5669,65134746,65145927,cuLaunchKernelEx,,_apply_write_kernel,_apply_write_kernel
50,82686,82686,0,1,17,65422001,65426129,4128,5751,65412877,65420363,cuLaunchKernelEx,,_apply_write_kernel,_apply_write_kernel
51,82686,82686,0,1,17,65512273,65513553,1280,5760,65500120,65516422,cudaLaunchKernel_v7000,,"void at::native::vectorized_elementwise_kernel<(int)8, at::native::FillFunctor<bool>, std::array<char *, (unsigned long)1>>(int, T2, T3)",vectorized_elementwise_kernel
52,82686,82686,0,1,17,65728433,65729585,1152,5815,65718356,65731867,cudaLaunchKernel_v7000,,"void <unnamed>::elementwise_kernel_with_index<int, at::native::arange_cuda_out(const c10::Scalar &, const c10::Scalar &, const c10::Scalar &, at::Tensor &)::[lambda() (instance 1)]::operator ()() const::[lambda() (instance 3)]::operator ()() const::[lambda(long) (instance 1)]>(T1, T2, function_traits<T2>::result_type *)",elementwise_kernel_with_index
53,82686,82686,0,1,17,65765777,65767153,1376,5829,65757568,65766171,cudaLaunchKernel_v7000,,"void at::native::vectorized_elementwise_kernel<(int)4, at::native::FillFunctor<int>, std::array<char *, (unsigned long)1>>(int, T2, T3)",vectorized_elementwise_kernel
54,82686,82686,0,1,17,65981650,65985810,4160,5872,65971849,65981225,cuLaunchKernelEx,,_prepare_prefill_inputs_kernel,_prepare_prefill_inputs_kernel
55,82686,82686,0,1,17,66028562,66030034,1472,5880,66020240,66028703,cuLaunchKernelEx,,_prepare_pos_seq_lens_kernel,_prepare_pos_seq_lens_kernel
56,82686,82686,0,1,17,66081234,66082514,1280,5888,66072863,66082653,cuLaunchKernelEx,,_dcp_local_seq_lens_kernel,_dcp_local_seq_lens_kernel
57,82686,82686,0,1,17,66159058,66161778,2720,5909,66150238,66157780,cuLaunchKernelEx,,_combine_sampled_and_draft_tokens_kernel,_combine_sampled_and_draft_tokens_kernel
58,82686,82686,0,1,17,66761459,66764147,2688,6027,66746193,66765860,cudaLaunchKernel_v7000,,"void at::native::_scatter_gather_elementwise_kernel<(int)128, (int)8, void at::native::_cuda_scatter_gather_internal_kernel<(bool)0, at::native::OpaqueType<(int)4>, long>::operator ()<at::native::TensorAssign>(at::TensorIterator &, long, long, long, const T1 &)::[lambda(int) (instance 1)]>(int, T3)",_scatter_gather_elementwise_kernel
59,82686,82686,0,1,17,66993843,66995731,1888,6138,66983021,66993286,cuLaunchKernelEx,,_prepare_pos_seq_lens_kernel,_prepare_pos_seq_lens_kernel
60,82687,82687,1,1,17,67027584,67029376,1792,7660,67011416,67027437,cudaLaunchKernel_v7000,,"void at::native::unrolled_elementwise_kernel<at::native::direct_copy_kernel_cuda(at::TensorIteratorBase &)::[lambda() (instance 3)]::operator ()() const::[lambda() (instance 4)]::operator ()() const::[lambda(long) (instance 1)], std::array<char *, (unsigned long)2>, (int)4, TrivialOffsetCalculator<(int)1, unsigned int>, TrivialOffsetCalculator<(int)1, unsigned int>, at::native::memory::LoadWithCast<(int)1>, at::native::memory::StoreWithCast<(int)1>>(int, T1, T2, T4, T5, T6, T7)",unrolled_elementwise_kernel
61,82686,82686,0,1,17,67031219,67032467,1248,6150,67022463,67029968,cudaLaunchKernel_v7000,,"void at::native::vectorized_elementwise_kernel<(int)8, at::native::FillFunctor<bool>, std::array<char *, (unsigned long)1>>(int, T2, T3)",vectorized_elementwise_kernel
62,82686,82686,0,1,17,67072627,67073971,1344,6173,67064519,67071661,cudaLaunchKernel_v7000,,"void <unnamed>::elementwise_kernel_with_index<int, at::native::arange_cuda_out(const c10::Scalar &, const c10::Scalar &, const c10::Scalar &, at::Tensor &)::[lambda() (instance 1)]::operator ()() const::[lambda() (instance 3)]::operator ()() const::[lambda(long) (instance 1)]>(T1, T2, function_traits<T2>::result_type *)",elementwise_kernel_with_index
63,82687,82687,1,1,17,67079232,67082272,3040,7684,67070678,67082855,cudaLaunchKernel_v7000,,"void at::native::vectorized_gather_kernel<(int)16, long>(char *, char *, T2 *, int, long, long, long, long, bool)",vectorized_gather_kernel
64,82686,82686,0,1,17,67142868,67145684,2816,6194,67135303,67141289,cuLaunchKernelEx,,_combine_sampled_and_draft_tokens_kernel,_combine_sampled_and_draft_tokens_kernel
65,82686,82686,0,1,17,67200628,67201908,1280,6199,67192519,67201880,cuLaunchKernelEx,,_dcp_local_seq_lens_kernel,_dcp_local_seq_lens_kernel
66,82686,82686,0,1,17,67237524,67238708,1184,6213,67229867,67236002,cudaLaunchKernel_v7000,,"void at::native::vectorized_elementwise_kernel<(int)4, at::native::FillFunctor<int>, std::array<char *, (unsigned long)1>>(int, T2, T3)",vectorized_elementwise_kernel
67,82687,82687,1,1,17,67311232,67314240,3008,7711,67302719,67311903,cudaLaunchKernel_v7000,scope,"void vllm::rms_norm_kernel<c10::BFloat16, (int)8, (int)2, (bool)1>(T1 *, const T1 *, long, long, long, long, long, const T1 *, long, float, int, int)",rms_norm_kernel
68,82686,82686,0,1,17,67327764,67331476,3712,6232,67318928,67326584,cuLaunchKernelEx,,_gather_block_tables_kernel,_gather_block_tables_kernel
69,82686,82686,0,1,17,67390036,67394260,4224,6245,67382643,67388935,cuLaunchKernelEx,,_compute_slot_mappings_kernel,_compute_slot_mappings_kernel
70,82686,82686,0,1,17,67446164,67448980,2816,6258,67438102,67445906,cudaLaunchKernel_v7000,,"void at::native::_scatter_gather_elementwise_kernel<(int)128, (int)8, void at::native::_cuda_scatter_gather_internal_kernel<(bool)0, at::native::OpaqueType<(int)8>, long>::operator ()<at::native::TensorAssign>(at::TensorIterator &, long, long, long, const T1 &)::[lambda(int) (instance 1)]>(int, T3)",_scatter_gather_elementwise_kernel
71,82686,82686,0,1,17,67492948,67495060,2112,6266,67484155,67493086,cudaLaunchKernel_v7000,,"void at::native::elementwise_kernel<(int)128, (int)2, void at::native::gpu_kernel_impl_nocast<at::native::<unnamed>::where_kernel_impl(at::TensorIterator &)::[lambda() (instance 1)]::operator ()() const::[lambda() (instance 4)]::operator ()() const::[lambda(bool, unsigned long, unsigned long) (instance 1)]>(at::TensorIteratorBase &, const T1 &)::[lambda(int) (instance 1)]>(int, T3)",elementwise_kernel
72,82687,82687,1,1,17,67549793,67564641,14848,7738,67539972,67555509,cuLaunchKernelEx,scope,nvjet_tst_64x64_64x13_1x2_h_bz_splitK_TNT,nvjet_tst_64x64_64x13_1x2_h_bz_splitK_TNT
73,82687,82687,1,1,17,67570369,67573121,2752,7740,67560739,67571018,cudaLaunchKernel_v7000,scope,"void cublasLt::splitKreduce_kernel<(int)32, (int)16, int, float, __nv_bfloat16, float, __nv_bfloat16, (bool)0, float, __nv_bfloat16, __nv_bfloat16, (bool)1, (bool)0, (bool)0, (bool)0>(cublasLt::cublasSplitKParams<T6>, const T4 *, const T10 *, T9 *, T5 *, const T6 *, const T6 *, const T11 *, const T4 *, T11 *, void *, long, T6 *, int *, T6 *, T6 *, const T6 *, const T6 *, const T6 *, const T6 *, const T6 *)",splitKreduce_kernel
74,82687,82687,1,1,17,67631009,67633313,2304,7753,67624267,67628879,cudaLaunchKernel_v7000,scope,"void vllm::rms_norm_kernel<c10::BFloat16, (int)8, (int)2, (bool)1>(T1 *, const T1 *, long, long, long, long, long, const T1 *, long, float, int, int)",rms_norm_kernel
75,82687,82687,1,1,17,67660961,67663201,2240,7765,67654560,67658431,cudaLaunchKernel_v7000,scope,"void vllm::rms_norm_kernel<c10::BFloat16, (int)8, (int)2, (bool)1>(T1 *, const T1 *, long, long, long, long, long, const T1 *, long, float, int, int)",rms_norm_kernel
76,82687,82687,1,1,17,67713697,67746497,32800,7780,67705521,67712059,cuLaunchKernelEx,scope,nvjet_tst_192x128_64x5_2x1_v_bz_coopB_TNT,nvjet_tst_192x128_64x5_2x1_v_bz_coopB_TNT
77,82686,82686,0,1,17,67777877,67779253,1376,6299,67767848,67777022,cudaLaunchKernel_v7000,,"void at::native::vectorized_elementwise_kernel<(int)4, at::native::FillFunctor<int>, std::array<char *, (unsigned long)1>>(int, T2, T3)",vectorized_elementwise_kernel
78,82687,82687,1,1,17,67802273,67805281,3008,7790,67794016,67802506,cudaLaunchKernel_v7000,scope,"void flashinfer::BatchQKApplyRotaryPosIdsCosSinCacheHeadParallelismKernel<(bool)1, (unsigned int)64, (unsigned int)8, (unsigned int)8, __nv_bfloat16, long>(T5 *, T5 *, T5 *, T5 *, float *, T6 *, unsigned int, unsigned int, unsigned int, unsigned int, unsigned long, unsigned long, unsigned long, unsigned long, unsigned long, unsigned long, unsigned long, unsigned long)",BatchQKApplyRotaryPosIdsCosSinCacheHeadParallelismKernel
79,82686,82686,0,1,17,67822453,67824021,1568,6333,67814033,67824055,cudaLaunchKernel_v7000,,"void at_cuda_detail::cub::DeviceScanInitKernel<at_cuda_detail::cub::ScanTileState<int, (bool)1>>(T1, int)",DeviceScanInitKernel
80,82686,82686,0,1,17,67843925,67845717,1792,6343,67835196,67844696,cudaLaunchKernel_v7000,,"void at_cuda_detail::cub::DeviceScanKernel<at_cuda_detail::cub::detail::scan::policy_hub<int, int, int, unsigned int, std::plus<int>>::Policy1000, const int *, int *, at_cuda_detail::cub::ScanTileState<int, (bool)1>, std::plus<int>, at_cuda_detail::cub::NullType, unsigned int, int, (bool)0>(T2, T3, T4, int, T5, T6, T7)",DeviceScanKernel
81,82687,82687,1,1,17,67857409,67869601,12192,7806,67849732,67855529,cuLaunchKernelEx,scope,nvjet_tst_128x64_64x8_1x2_h_bz_TNT,nvjet_tst_128x64_64x8_1x2_h_bz_TNT
82,82686,82686,0,1,17,67889237,67890357,1120,6368,67881852,67887716,cudaLaunchKernel_v7000,,"void <unnamed>::elementwise_kernel_with_index<int, at::native::arange_cuda_out(const c10::Scalar &, const c10::Scalar &, const c10::Scalar &, at::Tensor &)::[lambda() (instance 1)]::operator ()() const::[lambda() (instance 3)]::operator ()() const::[lambda(long) (instance 1)]>(T1, T2, function_traits<T2>::result_type *)",elementwise_kernel_with_index
83,82687,82687,1,1,17,67891777,67898241,6464,7821,67883569,67889434,cuLaunchKernelEx,scope,nvjet_tst_64x32_64x16_1x4_h_bz_splitK_TNT,nvjet_tst_64x32_64x16_1x4_h_bz_splitK_TNT
84,82687,82687,1,1,17,67899489,67901793,2304,7823,67890295,67895025,cudaLaunchKernel_v7000,scope,"void cublasLt::splitKreduce_kernel<(int)32, (int)16, int, float, __nv_bfloat16, float, __nv_bfloat16, (bool)0, float, __nv_bfloat16, __nv_bfloat16, (bool)1, (bool)0, (bool)0, (bool)0>(cublasLt::cublasSplitKParams<T6>, const T4 *, const T10 *, T9 *, T5 *, const T6 *, const T6 *, const T11 *, const T4 *, T11 *, void *, long, T6 *, int *, T6 *, T6 *, const T6 *, const T6 *, const T6 *, const T6 *, const T6 *)",splitKreduce_kernel
85,82687,82687,1,1,17,67931297,67935425,4128,7842,67924224,67931277,cudaLaunchKernel_v7000,scope,"void at::native::elementwise_kernel<(int)128, (int)4, void at::native::gpu_kernel_impl<at::native::direct_copy_kernel_cuda(at::TensorIteratorBase &)::[lambda() (instance 3)]::operator ()() const::[lambda() (instance 7)]::operator ()() const::[lambda(float) (instance 1)]>(at::TensorIteratorBase &, const T1 &)::[lambda(int) (instance 1)]>(int, T3)",elementwise_kernel
86,82686,82686,0,1,17,67943509,67945301,1792,6381,67933631,67945556,cudaLaunchKernel_v7000,,"void at::native::vectorized_elementwise_kernel<(int)4, at::native::BUnaryFunctor<int, int, int, at::native::binary_internal::div_floor_kernel_cuda(at::TensorIteratorBase &)::[lambda() (instance 1)]::operator ()() const::[lambda() (instance 3)]::operator ()() const::[lambda(int, int) (instance 1)]>, std::array<char *, (unsigned long)2>>(int, T2, T3)",vectorized_elementwise_kernel
87,82686,82686,0,1,17,67966101,67967989,1888,6394,67958953,67964366,cudaLaunchKernel_v7000,,"void at::native::vectorized_elementwise_kernel<(int)4, at::native::BUnaryFunctor<int, int, int, at::native::binary_internal::div_floor_kernel_cuda(at::TensorIteratorBase &)::[lambda() (instance 1)]::operator ()() const::[lambda() (instance 3)]::operator ()() const::[lambda(int, int) (instance 1)]>, std::array<char *, (unsigned long)2>>(int, T2, T3)",vectorized_elementwise_kernel
88,82687,82687,1,1,17,67971521,67974849,3328,7872,67963996,67971112,cudaLaunchKernel_v7000,scope,"void at::native::<unnamed>::vectorized_layer_norm_kernel<float, float, (bool)0>(int, T2, const T1 *, const T1 *, const T1 *, T2 *, T2 *, T1 *)",vectorized_layer_norm_kernel
89,82686,82686,0,1,17,67991445,67992821,1376,6404,67983471,67992053,cudaLaunchKernel_v7000,,"void at::native::vectorized_elementwise_kernel<(int)4, at::native::AUnaryFunctor<int, int, int, at::native::binary_internal::MulFunctor<int>>, std::array<char *, (unsigned long)2>>(int, T2, T3)",vectorized_elementwise_kernel
90,82687,82687,1,1,17,67994241,67995937,1696,7885,67987646,67993160,cudaLaunchKernel_v7000,scope,"void at::native::vectorized_elementwise_kernel<(int)8, at::native::bfloat16_copy_kernel_cuda(at::TensorIteratorBase &)::[lambda(float) (instance 1)], std::array<char *, (unsigned long)2>>(int, T2, T3)",vectorized_elementwise_kernel
91,82686,82686,0,1,17,68008565,68009909,1344,6414,68001739,68006673,cudaLaunchKernel_v7000,,"void at::native::vectorized_elementwise_kernel<(int)4, at::native::AUnaryFunctor<int, int, int, at::native::binary_internal::MulFunctor<int>>, std::array<char *, (unsigned long)2>>(int, T2, T3)",vectorized_elementwise_kernel
92,82686,82686,0,1,17,68031061,68032597,1536,6424,68022928,68030058,cudaLaunchKernel_v7000,,"void at::native::vectorized_elementwise_kernel<(int)4, at::native::CUDAFunctor_add<int>, std::array<char *, (unsigned long)3>>(int, T2, T3)",vectorized_elementwise_kernel
93,82686,82686,0,1,17,68048725,68050261,1536,6434,68042056,68046895,cudaLaunchKernel_v7000,,"void at::native::vectorized_elementwise_kernel<(int)4, at::native::AUnaryFunctor<int, int, int, at::native::binary_internal::MulFunctor<int>>, std::array<char *, (unsigned long)2>>(int, T2, T3)",vectorized_elementwise_kernel
94,82686,82686,0,1,17,68064373,68066357,1984,6444,68056934,68065367,cudaLaunchKernel_v7000,,"void at::native::elementwise_kernel<(int)128, (int)2, void at::native::gpu_kernel_impl_nocast<at::native::CUDAFunctor_add<int>>(at::TensorIteratorBase &, const T1 &)::[lambda(int) (instance 1)]>(int, T3)",elementwise_kernel
95,82687,82687,1,1,17,68094625,68101857,7232,7912,68086941,68094207,cuLaunchKernelEx,scope,_fused_indexer_q_rope_quant_kernel,_fused_indexer_q_rope_quant_kernel
96,82686,82686,0,1,17,68094965,68096629,1664,6454,68087305,68096125,cudaLaunchKernel_v7000,,"void at::native::vectorized_elementwise_kernel<(int)4, at::native::<unnamed>::launch_clamp_scalar(at::TensorIteratorBase &, c10::Scalar, c10::Scalar, at::native::detail::ClampLimits)::[lambda() (instance 1)]::operator ()() const::[lambda() (instance 3)]::operator ()() const::[lambda(int) (instance 1)], std::array<char *, (unsigned long)2>>(int, T2, T3)",vectorized_elementwise_kernel
97,82686,82686,0,1,17,68119093,68121269,2176,6464,68112341,68117484,cudaLaunchKernel_v7000,,"void at::native::elementwise_kernel<(int)128, (int)2, void at::native::gpu_kernel_impl_nocast<at::native::CUDAFunctor_add<int>>(at::TensorIteratorBase &, const T1 &)::[lambda(int) (instance 1)]>(int, T3)",elementwise_kernel
98,82687,82687,1,1,17,68146882,68149250,2368,7924,68140186,68146474,cudaLaunchKernel_v7000,scope,"void flashinfer::BatchQKApplyRotaryPosIdsCosSinCacheHeadParallelismKernel<(bool)0, (unsigned int)64, (unsigned int)8, (unsigned int)8, __nv_bfloat16, long>(T5 *, T5 *, T5 *, T5 *, float *, T6 *, unsigned int, unsigned int, unsigned int, unsigned int, unsigned long, unsigned long, unsigned long, unsigned long, unsigned long, unsigned long, unsigned long, unsigned long)",BatchQKApplyRotaryPosIdsCosSinCacheHeadParallelismKernel
99,82686,82686,0,1,17,68154069,68155413,1344,6481,68147156,68152406,cudaLaunchKernel_v7000,,"void at::native::vectorized_elementwise_kernel<(int)4, at::native::FillFunctor<int>, std::array<char *, (unsigned long)1>>(int, T2, T3)",vectorized_elementwise_kernel
100,82687,82687,1,1,17,68190018,68192962,2944,7932,68182314,68189954,cudaLaunchKernel_v7000,scope,"void at::native::<unnamed>::CatArrayBatchedCopy<at::native::<unnamed>::OpaqueType<(unsigned int)2>, unsigned int, (int)2, (int)64, (int)64>(T1 *, at::native::<unnamed>::CatArrInputTensorMetadata<T1, T2, T4, T5>, at::native::<unnamed>::TensorSizeStride<T2, (unsigned int)4>, int, T2)",CatArrayBatchedCopy
101,82686,82686,0,1,17,68190517,68192245,1728,6500,68181976,68189927,cudaLaunchKernel_v7000,,"void at::native::elementwise_kernel<(int)128, (int)2, void at::native::gpu_kernel_impl_nocast<at::native::direct_copy_kernel_cuda(at::TensorIteratorBase &)::[lambda() (instance 3)]::operator ()() const::[lambda() (instance 3)]::operator ()() const::[lambda(int) (instance 1)]>(at::TensorIteratorBase &, const T1 &)::[lambda(int) (instance 1)]>(int, T3)",elementwise_kernel
102,82686,82686,0,1,17,68208501,68209781,1280,6526,68201677,68206672,cudaLaunchKernel_v7000,,"void at_cuda_detail::cub::DeviceScanInitKernel<at_cuda_detail::cub::ScanTileState<int, (bool)1>>(T1, int)",DeviceScanInitKernel
103,82686,82686,0,1,17,68218774,68220726,1952,6536,68211281,68216958,cudaLaunchKernel_v7000,,"void at_cuda_detail::cub::DeviceScanKernel<at_cuda_detail::cub::detail::scan::policy_hub<int, int, int, unsigned int, std::plus<int>>::Policy1000, const int *, int *, at_cuda_detail::cub::ScanTileState<int, (bool)1>, std::plus<int>, at_cuda_detail::cub::NullType, unsigned int, int, (bool)0>(T2, T3, T4, int, T5, T6, T7)",DeviceScanKernel
104,82686,82686,0,1,17,68303062,68304854,1792,6569,68295009,68304780,cudaLaunchKernel_v7000,,"void at::native::unrolled_elementwise_kernel<at::native::direct_copy_kernel_cuda(at::TensorIteratorBase &)::[lambda() (instance 3)]::operator ()() const::[lambda() (instance 4)]::operator ()() const::[lambda(long) (instance 1)], std::array<char *, (unsigned long)2>, (int)4, TrivialOffsetCalculator<(int)1, unsigned int>, TrivialOffsetCalculator<(int)1, unsigned int>, at::native::memory::LoadWithCast<(int)1>, at::native::memory::StoreWithCast<(int)1>>(int, T1, T2, T4, T5, T6, T7)",unrolled_elementwise_kernel
105,82686,82686,0,1,17,68324758,68328950,4192,6578,68316064,68324236,cudaLaunchKernel_v7000,,"void at::native::reduce_kernel<(int)256, (int)2, at::native::ReduceOp<long, at::native::func_wrapper_t<long, at::native::sum_functor<long, long, long>::operator ()(at::TensorIterator &)::[lambda(long, long) (instance 1)]>, unsigned int, long, (int)4, (int)4>>(T3)",reduce_kernel
106,82686,82686,0,1,17,68353590,68356182,2592,6595,68345288,68354293,cudaLaunchKernel_v7000,,"void at::native::reduce_kernel<(int)512, (int)1, at::native::ReduceOp<long, at::native::func_wrapper_t<long, at::native::MaxNanFunctor<long>>, unsigned int, long, (int)4, (int)4>>(T3)",reduce_kernel
107,82686,82686,0,1,17,68403542,68405590,2048,6617,68396109,68401737,cudaLaunchKernel_v7000,,"void at::native::elementwise_kernel<(int)128, (int)2, void at::native::gpu_kernel_impl_nocast<at::native::CUDAFunctor_add<int>>(at::TensorIteratorBase &, const T1 &)::[lambda(int) (instance 1)]>(int, T3)",elementwise_kernel
108,82687,82687,1,1,17,68496834,73985291,5488457,7971,68487725,68496366,cuLaunchKernelEx,scope;sparse_indexer_scope;suffix_cache_comm,ncclDevKernel_AllGather_RING_LL(ncclDevKernelArgsStorage<(unsigned long)4096>),ncclDevKernel_AllGather_RING_LL
109,82686,82686,0,1,17,68505526,68510198,4672,6647,68495660,68504706,cuLaunchKernelEx,,kernel,kernel
110,82686,82686,0,1,17,68632854,68634038,1184,6653,68624142,68631537,cudaLaunchKernel_v7000,,"void at::native::vectorized_elementwise_kernel<(int)4, at::native::FillFunctor<int>, std::array<char *, (unsigned long)1>>(int, T2, T3)",vectorized_elementwise_kernel
111,82686,82686,0,1,17,68819511,68821111,1600,6699,68810682,68820301,cudaLaunchKernel_v7000,,"void at::native::elementwise_kernel<(int)128, (int)2, void at::native::gpu_kernel_impl_nocast<at::native::CUDAFunctor_add<int>>(at::TensorIteratorBase &, const T1 &)::[lambda(int) (instance 1)]>(int, T3)",elementwise_kernel
112,82686,82686,0,1,17,71929884,71931676,1792,7660,71905981,71931279,cudaLaunchKernel_v7000,,"void at::native::unrolled_elementwise_kernel<at::native::direct_copy_kernel_cuda(at::TensorIteratorBase &)::[lambda() (instance 3)]::operator ()() const::[lambda() (instance 4)]::operator ()() const::[lambda(long) (instance 1)], std::array<char *, (unsigned long)2>, (int)4, TrivialOffsetCalculator<(int)1, unsigned int>, TrivialOffsetCalculator<(int)1, unsigned int>, at::native::memory::LoadWithCast<(int)1>, at::native::memory::StoreWithCast<(int)1>>(int, T1, T2, T4, T5, T6, T7)",unrolled_elementwise_kernel
113,82686,82686,0,1,17,72002076,72005180,3104,7684,71991541,72008167,cudaLaunchKernel_v7000,,"void at::native::vectorized_gather_kernel<(int)16, long>(char *, char *, T2 *, int, long, long, long, long, bool)",vectorized_gather_kernel
114,82686,82686,0,1,17,72314493,72317501,3008,7711,72302081,72317110,cudaLaunchKernel_v7000,scope,"void vllm::rms_norm_kernel<c10::BFloat16, (int)8, (int)2, (bool)1>(T1 *, const T1 *, long, long, long, long, long, const T1 *, long, float, int, int)",rms_norm_kernel
115,82686,82686,0,1,17,72605597,72620541,14944,7738,72592839,72609511,cuLaunchKernelEx,scope,nvjet_tst_64x64_64x13_1x2_h_bz_splitK_TNT,nvjet_tst_64x64_64x13_1x2_h_bz_splitK_TNT
116,82686,82686,0,1,17,72626365,72629149,2784,7740,72615091,72626117,cudaLaunchKernel_v7000,scope,"void cublasLt::splitKreduce_kernel<(int)32, (int)16, int, float, __nv_bfloat16, float, __nv_bfloat16, (bool)0, float, __nv_bfloat16, __nv_bfloat16, (bool)1, (bool)0, (bool)0, (bool)0>(cublasLt::cublasSplitKParams<T6>, const T4 *, const T10 *, T9 *, T5 *, const T6 *, const T6 *, const T11 *, const T4 *, T11 *, void *, long, T6 *, int *, T6 *, T6 *, const T6 *, const T6 *, const T6 *, const T6 *, const T6 *)",splitKreduce_kernel
117,82686,82686,0,1,17,72718238,72720542,2304,7753,72709711,72717277,cudaLaunchKernel_v7000,scope,"void vllm::rms_norm_kernel<c10::BFloat16, (int)8, (int)2, (bool)1>(T1 *, const T1 *, long, long, long, long, long, const T1 *, long, float, int, int)",rms_norm_kernel
118,82686,82686,0,1,17,72767838,72770174,2336,7765,72760399,72765940,cudaLaunchKernel_v7000,scope,"void vllm::rms_norm_kernel<c10::BFloat16, (int)8, (int)2, (bool)1>(T1 *, const T1 *, long, long, long, long, long, const T1 *, long, float, int, int)",rms_norm_kernel
119,82686,82686,0,1,17,72845502,72878046,32544,7780,72836710,72844517,cuLaunchKernelEx,scope,nvjet_tst_192x128_64x5_2x1_v_bz_coopB_TNT,nvjet_tst_192x128_64x5_2x1_v_bz_coopB_TNT
120,82686,82686,0,1,17,72967166,72970238,3072,7790,72957826,72969164,cudaLaunchKernel_v7000,scope,"void flashinfer::BatchQKApplyRotaryPosIdsCosSinCacheHeadParallelismKernel<(bool)1, (unsigned int)64, (unsigned int)8, (unsigned int)8, __nv_bfloat16, long>(T5 *, T5 *, T5 *, T5 *, float *, T6 *, unsigned int, unsigned int, unsigned int, unsigned int, unsigned long, unsigned long, unsigned long, unsigned long, unsigned long, unsigned long, unsigned long, unsigned long)",BatchQKApplyRotaryPosIdsCosSinCacheHeadParallelismKernel
121,82686,82686,0,1,17,73053118,73065470,12352,7806,73044498,73052203,cuLaunchKernelEx,scope,nvjet_tst_128x64_64x8_1x2_h_bz_TNT,nvjet_tst_128x64_64x8_1x2_h_bz_TNT
122,82686,82686,0,1,17,73105918,73112350,6432,7821,73097487,73104825,cuLaunchKernelEx,scope,nvjet_tst_64x32_64x16_1x4_h_bz_splitK_TNT,nvjet_tst_64x32_64x16_1x4_h_bz_splitK_TNT
123,82686,82686,0,1,17,73114942,73117278,2336,7823,73106273,73112528,cudaLaunchKernel_v7000,scope,"void cublasLt::splitKreduce_kernel<(int)32, (int)16, int, float, __nv_bfloat16, float, __nv_bfloat16, (bool)0, float, __nv_bfloat16, __nv_bfloat16, (bool)1, (bool)0, (bool)0, (bool)0>(cublasLt::cublasSplitKParams<T6>, const T4 *, const T10 *, T9 *, T5 *, const T6 *, const T6 *, const T11 *, const T4 *, T11 *, void *, long, T6 *, int *, T6 *, T6 *, const T6 *, const T6 *, const T6 *, const T6 *, const T6 *)",splitKreduce_kernel
124,82686,82686,0,1,17,73165054,73169118,4064,7842,73155866,73166585,cudaLaunchKernel_v7000,scope,"void at::native::elementwise_kernel<(int)128, (int)4, void at::native::gpu_kernel_impl<at::native::direct_copy_kernel_cuda(at::TensorIteratorBase &)::[lambda() (instance 3)]::operator ()() const::[lambda() (instance 7)]::operator ()() const::[lambda(float) (instance 1)]>(at::TensorIteratorBase &, const T1 &)::[lambda(int) (instance 1)]>(int, T3)",elementwise_kernel
125,82686,82686,0,1,17,73219678,73223134,3456,7872,73210787,73220556,cudaLaunchKernel_v7000,scope,"void at::native::<unnamed>::vectorized_layer_norm_kernel<float, float, (bool)0>(int, T2, const T1 *, const T1 *, const T1 *, T2 *, T2 *, T1 *)",vectorized_layer_norm_kernel
126,82686,82686,0,1,17,73253406,73255070,1664,7885,73246027,73254114,cudaLaunchKernel_v7000,scope,"void at::native::vectorized_elementwise_kernel<(int)8, at::native::bfloat16_copy_kernel_cuda(at::TensorIteratorBase &)::[lambda(float) (instance 1)], std::array<char *, (unsigned long)2>>(int, T2, T3)",vectorized_elementwise_kernel
127,82686,82686,0,1,17,73403135,73410399,7264,7912,73394609,73404145,cuLaunchKernelEx,scope,_fused_indexer_q_rope_quant_kernel,_fused_indexer_q_rope_quant_kernel
128,82686,82686,0,1,17,73495295,73497855,2560,7924,73485844,73496224,cudaLaunchKernel_v7000,scope,"void flashinfer::BatchQKApplyRotaryPosIdsCosSinCacheHeadParallelismKernel<(bool)0, (unsigned int)64, (unsigned int)8, (unsigned int)8, __nv_bfloat16, long>(T5 *, T5 *, T5 *, T5 *, float *, T6 *, unsigned int, unsigned int, unsigned int, unsigned int, unsigned long, unsigned long, unsigned long, unsigned long, unsigned long, unsigned long, unsigned long, unsigned long)",BatchQKApplyRotaryPosIdsCosSinCacheHeadParallelismKernel
129,82686,82686,0,1,17,73554879,73557887,3008,7932,73546072,73556794,cudaLaunchKernel_v7000,scope,"void at::native::<unnamed>::CatArrayBatchedCopy<at::native::<unnamed>::OpaqueType<(unsigned int)2>, unsigned int, (int)2, (int)64, (int)64>(T1 *, at::native::<unnamed>::CatArrInputTensorMetadata<T1, T2, T4, T5>, at::native::<unnamed>::TensorSizeStride<T2, (unsigned int)4>, int, T2)",CatArrayBatchedCopy
130,82686,82686,0,1,17,73977792,73984448,6656,7971,73965186,73978653,cuLaunchKernelEx,scope;sparse_indexer_scope;suffix_cache_comm,ncclDevKernel_AllGather_RING_LL(ncclDevKernelArgsStorage<(unsigned long)4096>),ncclDevKernel_AllGather_RING_LL
131,82687,82687,1,1,17,73994571,73997099,2528,7993,68584929,68594451,cudaLaunchKernel_v7000,scope;sparse_indexer_scope,"void vllm::indexer_k_quant_and_cache_kernel<__nv_bfloat16, unsigned char, (vllm::Fp8KVCacheDataType)1>(const T1 *, T2 *, const long *, int, int, int, long, bool)",indexer_k_quant_and_cache_kernel
132,82687,82687,1,1,17,73998187,73999787,1600,7999,68615243,68620505,cudaLaunchKernel_v7000,scope;sparse_indexer_scope,"void at::native::vectorized_elementwise_kernel<(int)4, at::native::FillFunctor<int>, std::array<char *, (unsigned long)1>>(int, T2, T3)",vectorized_elementwise_kernel
133,82687,82687,1,1,17,74000907,74007339,6432,8019,68667661,68673741,cudaLaunchKernel_v7000,scope;sparse_indexer_scope,"void vllm::cp_gather_indexer_k_quant_cache_kernel<(int)32>(const char *, char *, char *, const int *, const int *, int, long, long, long, long, long, int, int, int)",cp_gather_indexer_k_quant_cache_kernel
134,82687,82687,1,1,17,74007595,74082603,75008,8047,68758693,68765785,cuLaunchKernelEx,scope;sparse_indexer_scope,"void deep_gemm::sm90_fp8_mqa_logits<(unsigned int)64, (unsigned int)128, (bool)0, (unsigned int)2, (unsigned int)256, (unsigned int)3, (unsigned int)3, (unsigned int)132, (unsigned int)128, (unsigned int)512, float>(unsigned int, unsigned int, unsigned int, unsigned int, unsigned int *, unsigned int *, T11 *, CUtensorMap_st, CUtensorMap_st, CUtensorMap_st, CUtensorMap_st)",sm90_fp8_mqa_logits
135,82687,82687,1,1,17,74083627,74285899,202272,8050,68780490,68787645,cudaLaunchKernel_v7000,scope;sparse_indexer_scope,"void vllm::topKPerRowPrefill<(int)512, (bool)0>(const float *, const int *, const int *, int *, int, int, int, int)",topKPerRowPrefill
136,82686,82686,0,1,17,74121920,74124576,2656,7993,74111428,74121565,cudaLaunchKernel_v7000,scope;sparse_indexer_scope,"void vllm::indexer_k_quant_and_cache_kernel<__nv_bfloat16, unsigned char, (vllm::Fp8KVCacheDataType)1>(const T1 *, T2 *, const long *, int, int, int, long, bool)",indexer_k_quant_and_cache_kernel
137,82686,82686,0,1,17,74161184,74162784,1600,7999,74152646,74160245,cudaLaunchKernel_v7000,scope;sparse_indexer_scope,"void at::native::vectorized_elementwise_kernel<(int)4, at::native::FillFunctor<int>, std::array<char *, (unsigned long)1>>(int, T2, T3)",vectorized_elementwise_kernel
138,82686,82686,0,1,17,74247872,74254688,6816,8019,74239106,74247412,cudaLaunchKernel_v7000,scope;sparse_indexer_scope,"void vllm::cp_gather_indexer_k_quant_cache_kernel<(int)32>(const char *, char *, char *, const int *, const int *, int, long, long, long, long, long, int, int, int)",cp_gather_indexer_k_quant_cache_kernel
139,82687,82687,1,1,17,74287371,74290859,3488,8066,68883519,68888833,cuLaunchKernelEx,scope;sparse_indexer_scope,_pack_dcp_topk_candidates_triton_kernel,_pack_dcp_topk_candidates_triton_kernel
140,82687,82687,1,1,17,74297579,74792396,494817,8096,69030420,69035843,cuLaunchKernelEx,scope;sparse_indexer_comm;sparse_indexer_scope,ncclDevKernel_AllGather_RING_LL(ncclDevKernelArgsStorage<(unsigned long)4096>),ncclDevKernel_AllGather_RING_LL
141,82686,82686,0,1,17,74375968,74450881,74913,8047,74365948,74377416,cuLaunchKernelEx,scope;sparse_indexer_scope,"void deep_gemm::sm90_fp8_mqa_logits<(unsigned int)64, (unsigned int)128, (bool)0, (unsigned int)2, (unsigned int)256, (unsigned int)3, (unsigned int)3, (unsigned int)132, (unsigned int)128, (unsigned int)512, float>(unsigned int, unsigned int, unsigned int, unsigned int, unsigned int *, unsigned int *, T11 *, CUtensorMap_st, CUtensorMap_st, CUtensorMap_st, CUtensorMap_st)",sm90_fp8_mqa_logits
142,82686,82686,0,1,17,74452001,74656545,204544,8050,74401273,74412070,cudaLaunchKernel_v7000,scope;sparse_indexer_scope,"void vllm::topKPerRowPrefill<(int)512, (bool)0>(const float *, const int *, const int *, int *, int, int, int, int)",topKPerRowPrefill
143,82686,82686,0,1,17,74658273,74661889,3616,8066,74530793,74537962,cuLaunchKernelEx,scope;sparse_indexer_scope,_pack_dcp_topk_candidates_triton_kernel,_pack_dcp_topk_candidates_triton_kernel
144,82686,82686,0,1,17,74764865,74793217,28352,8096,74754781,74763540,cuLaunchKernelEx,scope;sparse_indexer_comm;sparse_indexer_scope,ncclDevKernel_AllGather_RING_LL(ncclDevKernelArgsStorage<(unsigned long)4096>),ncclDevKernel_AllGather_RING_LL
145,82687,82687,1,1,17,74795980,74800556,4576,8110,69075099,69081850,cudaLaunchKernel_v7000,scope;sparse_indexer_comm;sparse_indexer_scope,"void at::native::elementwise_kernel<(int)128, (int)2, void at::native::gpu_kernel_impl_nocast<at::native::direct_copy_kernel_cuda(at::TensorIteratorBase &)::[lambda() (instance 3)]::operator ()() const::[lambda() (instance 7)]::operator ()() const::[lambda(float) (instance 1)]>(at::TensorIteratorBase &, const T1 &)::[lambda(int) (instance 1)]>(int, T3)",elementwise_kernel
146,82687,82687,1,1,17,74807212,74817676,10464,8130,69137131,69149609,cudaLaunchKernelExC_v11060,scope;sparse_indexer_scope,kernel_cutlass_kernel_vllmmodel_executorkernelsattentiondsadcp_indexer_cutedslStableTopKFromGatheredCandidatesKernel_object_at__tensorptrf32gmemalign8o40962i64div221_tensorptri32gmemo2048_0,kernel_cutlass_kernel_vllmmodel_executorkernelsattentiondsadcp_indexer_cutedslStableTopKFromGatheredCandidatesKernel_object_at__tensorptrf32gmemalign8o40962i64div221_tensorptri32gmemo2048_0
147,82687,82687,1,1,17,74824172,75239117,414945,8163,69321296,69327501,cuLaunchKernelEx,scope;suffix_cache_comm,ncclDevKernel_AllGather_RING_LL(ncclDevKernelArgsStorage<(unsigned long)4096>),ncclDevKernel_AllGather_RING_LL
148,82686,82686,0,1,17,74834529,74839265,4736,8110,74823900,74834478,cudaLaunchKernel_v7000,scope;sparse_indexer_comm;sparse_indexer_scope,"void at::native::elementwise_kernel<(int)128, (int)2, void at::native::gpu_kernel_impl_nocast<at::native::direct_copy_kernel_cuda(at::TensorIteratorBase &)::[lambda() (instance 3)]::operator ()() const::[lambda() (instance 7)]::operator ()() const::[lambda(float) (instance 1)]>(at::TensorIteratorBase &, const T1 &)::[lambda(int) (instance 1)]>(int, T3)",elementwise_kernel
149,82686,82686,0,1,17,74928417,74939105,10688,8130,74917372,74931100,cudaLaunchKernelExC_v11060,scope;sparse_indexer_scope,kernel_cutlass_kernel_vllmmodel_executorkernelsattentiondsadcp_indexer_cutedslStableTopKFromGatheredCandidatesKernel_object_at__tensorptrf32gmemalign8o40962i64div221_tensorptri32gmemo2048_0,kernel_cutlass_kernel_vllmmodel_executorkernelsattentiondsadcp_indexer_cutedslStableTopKFromGatheredCandidatesKernel_object_at__tensorptrf32gmemalign8o40962i64div221_tensorptri32gmemo2048_0
150,82686,82686,0,1,17,75231330,75239170,7840,8163,75221258,75231044,cuLaunchKernelEx,scope;suffix_cache_comm,ncclDevKernel_AllGather_RING_LL(ncclDevKernelArgsStorage<(unsigned long)4096>),ncclDevKernel_AllGather_RING_LL
151,82687,82687,1,1,17,75247853,75251597,3744,8193,69381837,69390437,cudaLaunchKernel_v7000,scope,"void at::native::elementwise_kernel<(int)128, (int)4, void at::native::gpu_kernel_impl_nocast<at::native::direct_copy_kernel_cuda(at::TensorIteratorBase &)::[lambda() (instance 3)]::operator ()() const::[lambda() (instance 12)]::operator ()() const::[lambda(c10::BFloat16) (instance 1)]>(at::TensorIteratorBase &, const T1 &)::[lambda(int) (instance 1)]>(int, T3)",elementwise_kernel
152,82687,82687,1,1,17,75258189,75508781,250592,8229,69470447,69475604,cuLaunchKernelEx,scope;suffix_cache_comm,ncclDevKernel_AllGather_RING_LL(ncclDevKernelArgsStorage<(unsigned long)4096>),ncclDevKernel_AllGather_RING_LL
153,82686,82686,0,1,17,75336290,75340258,3968,8193,75326357,75336241,cudaLaunchKernel_v7000,scope,"void at::native::elementwise_kernel<(int)128, (int)4, void at::native::gpu_kernel_impl_nocast<at::native::direct_copy_kernel_cuda(at::TensorIteratorBase &)::[lambda() (instance 3)]::operator ()() const::[lambda() (instance 12)]::operator ()() const::[lambda(c10::BFloat16) (instance 1)]>(at::TensorIteratorBase &, const T1 &)::[lambda(int) (instance 1)]>(int, T3)",elementwise_kernel
154,82686,82686,0,1,17,75503426,75508739,5313,8229,75494490,75502725,cuLaunchKernelEx,scope;suffix_cache_comm,ncclDevKernel_AllGather_RING_LL(ncclDevKernelArgsStorage<(unsigned long)4096>),ncclDevKernel_AllGather_RING_LL
155,82687,82687,1,1,17,75517421,75520013,2592,8251,69554694,69578975,cudaLaunchKernel_v7000,scope,"void vllm::concat_and_cache_ds_mla_kernel<__nv_bfloat16, unsigned char, (vllm::Fp8KVCacheDataType)1>(const T1 *, const T1 *, T2 *, const long *, int, int, int, int, int, int, int, const float *)",concat_and_cache_ds_mla_kernel
156,82687,82687,1,1,17,75521037,75537421,16384,8301,69700180,69707243,cuLaunchKernelEx,scope,nvjet_tst_256x128_64x4_2x1_v_bz_coopA_NNT,nvjet_tst_256x128_64x4_2x1_v_bz_coopA_NNT
157,82687,82687,1,1,17,75538477,75549325,10848,8309,69726399,69732149,cudaLaunchKernel_v7000,scope,"void vllm::ConcatMLAQKernel<c10::BFloat16, (int)512>(T1 *, const T1 *, const T1 *, int, int, long, long, long, long, long, long)",ConcatMLAQKernel
158,82687,82687,1,1,17,75550381,75553485,3104,8331,69794586,69801366,cuLaunchKernelEx,scope,_convert_req_index_to_global_index_kernel,_convert_req_index_to_global_index_kernel
159,82687,82687,1,1,17,75559533,75561677,2144,8376,69927233,69934738,cudaLaunchKernel_v7000,scope;sparse_attention_compute,smxx::decode::get_mla_metadata_kernel(GetDecodeSchedMetaParams),get_mla_metadata_kernel
160,82687,82687,1,1,17,75562893,75768429,205536,8399,69960394,69969724,cudaLaunchKernelExC_v11060,scope;sparse_attention_compute,"void sm90::decode::sparse_fp8::flash_fwd_splitkv_mla_fp8_sparse_kernel<sm90::decode::sparse_fp8::KernelTemplate<(ModelType)0, (int)128>, sm90::decode::sparse_fp8::KernelTemplate<(ModelType)0, (int)128>::TmaParams<cute::tuple<int, int, int, int>, cute::TiledCopy<cute::Copy_Atom<cute::Copy_Traits<cute::SM90_TMA_LOAD, cute::C<(int)65536>, cute::AuxTmaParams<cute::tuple<cute::ScaledBasis<cute::C<(int)1>, (int)1>, cute::ScaledBasis<cute::C<(int)1>, (int)0>, cute::ScaledBasis<cute::C<(int)1>, (int)2>, cute::ScaledBasis<cute::C<(int)1>, (int)3>>, const cute::Layout<cute::tuple<cute::C<(int)64>, cute::C<(int)64>, cute::C<(int)1>, cute::C<(int)1>>, cute::tuple<cute::ScaledBasis<cute::C<(int)1>, (int)1>, cute::ScaledBasis<cute::C<(int)1>, (int)0>, cute::ScaledBasis<cute::C<(int)1>, (int)2>, cute::ScaledBasis<cute::C<(int)1>, (int)3>>> &, const cute::Swizzle<(int)3, (int)4, (int)3> &>>, cutlass::bfloat16_t>, cute::Layout<cute::tuple<cute::C<(int)1>, cute::tuple<cute::tuple<cute::tuple<cute::C<(int)64>, cute::C<(int)64>>, cute::C<(int)9>>>>, cute::tuple<cute::C<(int)0>, cute::tuple<cute::tuple<cute::tuple<cute::C<(int)64>, cute::C<(int)1>>, cute::C<(int)4096>>>>>, cute::tuple<cute::C<(int)64>, cute::C<(int)576>>>>>(SparseAttnDecodeParams, T2)",flash_fwd_splitkv_mla_fp8_sparse_kernel
161,82686,82686,0,1,17,75628643,75631139,2496,8251,75618743,75655841,cudaLaunchKernel_v7000,scope,"void vllm::concat_and_cache_ds_mla_kernel<__nv_bfloat16, unsigned char, (vllm::Fp8KVCacheDataType)1>(const T1 *, const T1 *, T2 *, const long *, int, int, int, int, int, int, int, const float *)",concat_and_cache_ds_mla_kernel
162,82687,82687,1,1,17,75766029,75769453,3424,8402,69972102,69978535,cudaLaunchKernelExC_v11060,scope;sparse_attention_compute,"void smxx::decode::flash_fwd_mla_combine_kernel<cutlass::bfloat16_t, (int)512, (int)8, (int)32, (int)256>(CombineParams)",flash_fwd_mla_combine_kernel
163,82687,82687,1,1,17,75775853,75778317,2464,8424,70039723,70046908,cudaLaunchKernel_v7000,scope,"void at::native::vectorized_elementwise_kernel<(int)8, at::native::AUnaryFunctor<int, int, bool, at::native::<unnamed>::CompareEqFunctor<int>>, std::array<char *, (unsigned long)2>>(int, T2, T3)",vectorized_elementwise_kernel
164,82687,82687,1,1,17,75779277,75786253,6976,8438,70064568,70071165,cudaLaunchKernel_v7000,scope,"void at::native::reduce_kernel<(int)512, (int)1, at::native::ReduceOp<bool, at::native::func_wrapper_t<bool, at::native::and_kernel_cuda(at::TensorIterator &)::[lambda() (instance 1)]::operator ()() const::[lambda() (instance 12)]::operator ()() const::[lambda(bool, bool) (instance 1)]>, unsigned int, bool, (int)4, (int)4>>(T3)",reduce_kernel
165,82687,82687,1,1,17,75787277,75807086,19809,8444,70091912,70099119,cudaLaunchKernel_v7000,scope,"void at::native::elementwise_kernel<(int)128, (int)4, void at::native::gpu_kernel_impl_nocast<at::native::<unnamed>::masked_fill_kernel(at::TensorIterator &, const c10::Scalar &)::[lambda() (instance 1)]::operator ()() const::[lambda() (instance 12)]::operator ()() const::[lambda(c10::BFloat16, bool) (instance 1)]>(at::TensorIteratorBase &, const T1 &)::[lambda(int) (instance 1)]>(int, T3)",elementwise_kernel
166,82687,82687,1,1,17,75808046,75811150,3104,8450,70110680,70115873,cudaLaunchKernel_v7000,scope,"void at::native::elementwise_kernel<(int)128, (int)2, void at::native::gpu_kernel_impl_nocast<at::native::<unnamed>::masked_fill_kernel(at::TensorIterator &, const c10::Scalar &)::[lambda() (instance 1)]::operator ()() const::[lambda() (instance 7)]::operator ()() const::[lambda(float, bool) (instance 1)]>(at::TensorIteratorBase &, const T1 &)::[lambda(int) (instance 1)]>(int, T3)",elementwise_kernel
167,82687,82687,1,1,17,75817326,76690031,872705,8483,70238513,70244490,cuLaunchKernelEx,attention_lse_comm;scope,ncclDevKernel_AllGather_RING_LL(ncclDevKernelArgsStorage<(unsigned long)4096>),ncclDevKernel_AllGather_RING_LL
168,82686,82686,0,1,17,75853283,75869219,15936,8301,75842062,75853070,cuLaunchKernelEx,scope,nvjet_tst_256x128_64x4_2x1_v_bz_coopA_NNT,nvjet_tst_256x128_64x4_2x1_v_bz_coopA_NNT
169,82686,82686,0,1,17,75893315,75903587,10272,8309,75883524,75891986,cudaLaunchKernel_v7000,scope,"void vllm::ConcatMLAQKernel<c10::BFloat16, (int)512>(T1 *, const T1 *, const T1 *, int, int, long, long, long, long, long, long)",ConcatMLAQKernel
170,82686,82686,0,1,17,76002371,76005443,3072,8331,75993563,76000804,cuLaunchKernelEx,scope,_convert_req_index_to_global_index_kernel,_convert_req_index_to_global_index_kernel
171,82686,82686,0,1,17,76213220,76215364,2144,8376,76202809,76212756,cudaLaunchKernel_v7000,scope;sparse_attention_compute,smxx::decode::get_mla_metadata_kernel(GetDecodeSchedMetaParams),get_mla_metadata_kernel
172,82686,82686,0,1,17,76253188,76459396,206208,8399,76243707,76255187,cudaLaunchKernelExC_v11060,scope;sparse_attention_compute,"void sm90::decode::sparse_fp8::flash_fwd_splitkv_mla_fp8_sparse_kernel<sm90::decode::sparse_fp8::KernelTemplate<(ModelType)0, (int)128>, sm90::decode::sparse_fp8::KernelTemplate<(ModelType)0, (int)128>::TmaParams<cute::tuple<int, int, int, int>, cute::TiledCopy<cute::Copy_Atom<cute::Copy_Traits<cute::SM90_TMA_LOAD, cute::C<(int)65536>, cute::AuxTmaParams<cute::tuple<cute::ScaledBasis<cute::C<(int)1>, (int)1>, cute::ScaledBasis<cute::C<(int)1>, (int)0>, cute::ScaledBasis<cute::C<(int)1>, (int)2>, cute::ScaledBasis<cute::C<(int)1>, (int)3>>, const cute::Layout<cute::tuple<cute::C<(int)64>, cute::C<(int)64>, cute::C<(int)1>, cute::C<(int)1>>, cute::tuple<cute::ScaledBasis<cute::C<(int)1>, (int)1>, cute::ScaledBasis<cute::C<(int)1>, (int)0>, cute::ScaledBasis<cute::C<(int)1>, (int)2>, cute::ScaledBasis<cute::C<(int)1>, (int)3>>> &, const cute::Swizzle<(int)3, (int)4, (int)3> &>>, cutlass::bfloat16_t>, cute::Layout<cute::tuple<cute::C<(int)1>, cute::tuple<cute::tuple<cute::tuple<cute::C<(int)64>, cute::C<(int)64>>, cute::C<(int)9>>>>, cute::tuple<cute::C<(int)0>, cute::tuple<cute::tuple<cute::tuple<cute::C<(int)64>, cute::C<(int)1>>, cute::C<(int)4096>>>>>, cute::tuple<cute::C<(int)64>, cute::C<(int)576>>>>>(SparseAttnDecodeParams, T2)",flash_fwd_splitkv_mla_fp8_sparse_kernel
173,82686,82686,0,1,17,76457252,76460644,3392,8402,76258039,76265415,cudaLaunchKernelExC_v11060,scope;sparse_attention_compute,"void smxx::decode::flash_fwd_mla_combine_kernel<cutlass::bfloat16_t, (int)512, (int)8, (int)32, (int)256>(CombineParams)",flash_fwd_mla_combine_kernel
174,82686,82686,0,1,17,76466788,76469188,2400,8424,76357030,76366218,cudaLaunchKernel_v7000,scope,"void at::native::vectorized_elementwise_kernel<(int)8, at::native::AUnaryFunctor<int, int, bool, at::native::<unnamed>::CompareEqFunctor<int>>, std::array<char *, (unsigned long)2>>(int, T2, T3)",vectorized_elementwise_kernel
175,82686,82686,0,1,17,76470244,76477284,7040,8438,76392006,76400543,cudaLaunchKernel_v7000,scope,"void at::native::reduce_kernel<(int)512, (int)1, at::native::ReduceOp<bool, at::native::func_wrapper_t<bool, at::native::and_kernel_cuda(at::TensorIterator &)::[lambda() (instance 1)]::operator ()() const::[lambda() (instance 12)]::operator ()() const::[lambda(bool, bool) (instance 1)]>, unsigned int, bool, (int)4, (int)4>>(T3)",reduce_kernel
176,82686,82686,0,1,17,76478436,76498532,20096,8444,76429498,76438467,cudaLaunchKernel_v7000,scope,"void at::native::elementwise_kernel<(int)128, (int)4, void at::native::gpu_kernel_impl_nocast<at::native::<unnamed>::masked_fill_kernel(at::TensorIterator &, const c10::Scalar &)::[lambda() (instance 1)]::operator ()() const::[lambda() (instance 12)]::operator ()() const::[lambda(c10::BFloat16, bool) (instance 1)]>(at::TensorIteratorBase &, const T1 &)::[lambda(int) (instance 1)]>(int, T3)",elementwise_kernel
177,82686,82686,0,1,17,76499588,76502532,2944,8450,76454906,76462148,cudaLaunchKernel_v7000,scope,"void at::native::elementwise_kernel<(int)128, (int)2, void at::native::gpu_kernel_impl_nocast<at::native::<unnamed>::masked_fill_kernel(at::TensorIterator &, const c10::Scalar &)::[lambda() (instance 1)]::operator ()() const::[lambda() (instance 7)]::operator ()() const::[lambda(float, bool) (instance 1)]>(at::TensorIteratorBase &, const T1 &)::[lambda(int) (instance 1)]>(int, T3)",elementwise_kernel
178,82686,82686,0,1,17,76683269,76690085,6816,8483,76673647,76682720,cuLaunchKernelEx,attention_lse_comm;scope,ncclDevKernel_AllGather_RING_LL(ncclDevKernelArgsStorage<(unsigned long)4096>),ncclDevKernel_AllGather_RING_LL
179,82687,82687,1,1,17,76698063,76710479,12416,8513,70333126,70340492,cuLaunchKernelEx,scope,_correct_attn_cp_out_kernel,_correct_attn_cp_out_kernel
180,82687,82687,1,1,17,76716495,77127984,411489,8543,70446314,70452983,cuLaunchKernelEx,attention_output_comm;scope,ncclDevKernel_AllReduce_Sum_bf16_RING_LL(ncclDevKernelArgsStorage<(unsigned long)4096>),ncclDevKernel_AllReduce_Sum_bf16_RING_LL
181,82686,82686,0,1,17,76845061,76857733,12672,8513,76833359,76844704,cuLaunchKernelEx,scope,_correct_attn_cp_out_kernel,_correct_attn_cp_out_kernel
182,82686,82686,0,1,17,77053413,77132293,78880,8543,77043251,77053895,cuLaunchKernelEx,attention_output_comm;scope,ncclDevKernel_AllReduce_Sum_bf16_RING_LL(ncclDevKernelArgsStorage<(unsigned long)4096>),ncclDevKernel_AllReduce_Sum_bf16_RING_LL
183,82687,82687,1,1,17,77136144,77152432,16288,8568,70544395,70551477,cuLaunchKernelEx,scope,nvjet_tst_128x128_64x6_1x1_h_bz_TNT,nvjet_tst_128x128_64x6_1x1_h_bz_TNT
184,82687,82687,1,1,17,77153872,77242960,89088,8583,70613094,70619527,cuLaunchKernelEx,scope,nvjet_tst_112x128_64x7_2x1_v_bz_splitK_TNN,nvjet_tst_112x128_64x7_2x1_v_bz_splitK_TNN
185,82686,82686,0,1,17,77185573,77200422,14849,8568,77173893,77184245,cuLaunchKernelEx,scope,nvjet_tst_128x128_64x6_1x1_h_bz_TNT,nvjet_tst_128x128_64x6_1x1_h_bz_TNT
186,82687,82687,1,1,17,77244336,77251344,7008,8585,70621805,70627732,cudaLaunchKernel_v7000,scope,"void cublasLt::splitKreduce_kernel<(int)32, (int)16, int, float, __nv_bfloat16, float, __nv_bfloat16, (bool)0, float, __nv_bfloat16, __nv_bfloat16, (bool)1, (bool)0, (bool)0, (bool)0>(cublasLt::cublasSplitKParams<T6>, const T4 *, const T10 *, T9 *, T5 *, const T6 *, const T6 *, const T11 *, const T4 *, T11 *, void *, long, T6 *, int *, T6 *, T6 *, const T6 *, const T6 *, const T6 *, const T6 *, const T6 *)",splitKreduce_kernel
187,82687,82687,1,1,17,77257360,77261488,4128,8603,70696677,70704562,cudaLaunchKernel_v7000,scope,"std::enable_if<T2>(int)0&&vllm::_typeConvert<T1>::exists, void>::type vllm::fused_add_rms_norm_kernel<c10::BFloat16, (int)8, (bool)1>(T1 *, long, T1 *, const T1 *, float, int, int, long)",fused_add_rms_norm_kernel
188,82687,82687,1,1,17,77262480,77447056,184576,8618,70742485,70748639,cuLaunchKernelEx,scope,nvjet_tst_144x128_64x6_2x1_v_bz_TNN,nvjet_tst_144x128_64x6_2x1_v_bz_TNN
189,82686,82686,0,1,17,77290406,77378598,88192,8583,77279722,77289610,cuLaunchKernelEx,scope,nvjet_tst_112x128_64x7_2x1_v_bz_splitK_TNN,nvjet_tst_112x128_64x7_2x1_v_bz_splitK_TNN
190,82686,82686,0,1,17,77380198,77386630,6432,8585,77292607,77300889,cudaLaunchKernel_v7000,scope,"void cublasLt::splitKreduce_kernel<(int)32, (int)16, int, float, __nv_bfloat16, float, __nv_bfloat16, (bool)0, float, __nv_bfloat16, __nv_bfloat16, (bool)1, (bool)0, (bool)0, (bool)0>(cublasLt::cublasSplitKParams<T6>, const T4 *, const T10 *, T9 *, T5 *, const T6 *, const T6 *, const T11 *, const T4 *, T11 *, void *, long, T6 *, int *, T6 *, T6 *, const T6 *, const T6 *, const T6 *, const T6 *, const T6 *)",splitKreduce_kernel
191,82686,82686,0,1,17,77420678,77424742,4064,8603,77410992,77423515,cudaLaunchKernel_v7000,scope,"std::enable_if<T2>(int)0&&vllm::_typeConvert<T1>::exists, void>::type vllm::fused_add_rms_norm_kernel<c10::BFloat16, (int)8, (bool)1>(T1 *, long, T1 *, const T1 *, float, int, int, long)",fused_add_rms_norm_kernel
192,82687,82687,1,1,17,77448368,77455696,7328,8631,70777480,70784124,cudaLaunchKernel_v7000,scope,"void vllm::act_and_mul_kernel<c10::BFloat16, __nv_bfloat162, &vllm::silu_kernel<c10::BFloat16>, &vllm::packed_silu_kernel<__nv_bfloat162>, (bool)1, (bool)1, (bool)0, (bool)0>(T1 *, const T1 *, int, float, float, float)",act_and_mul_kernel
193,82687,82687,1,1,17,77456880,77550992,94112,8646,70807561,70811729,cuLaunchKernelEx,scope,nvjet_tst_112x128_64x7_2x1_v_bz_splitK_TNN,nvjet_tst_112x128_64x7_2x1_v_bz_splitK_TNN
194,82686,82686,0,1,17,77502278,77688614,186336,8618,77493360,77501526,cuLaunchKernelEx,scope,nvjet_tst_144x128_64x6_2x1_v_bz_TNN,nvjet_tst_144x128_64x6_2x1_v_bz_TNN
195,82687,82687,1,1,17,77552464,77558800,6336,8648,70812528,70816174,cudaLaunchKernel_v7000,scope,"void cublasLt::splitKreduce_kernel<(int)32, (int)16, int, float, __nv_bfloat16, float, __nv_bfloat16, (bool)0, float, __nv_bfloat16, __nv_bfloat16, (bool)1, (bool)0, (bool)0, (bool)0>(cublasLt::cublasSplitKParams<T6>, const T4 *, const T10 *, T9 *, T5 *, const T6 *, const T6 *, const T11 *, const T4 *, T11 *, void *, long, T6 *, int *, T6 *, T6 *, const T6 *, const T6 *, const T6 *, const T6 *, const T6 *)",splitKreduce_kernel
196,82687,82687,1,1,17,77564944,77569104,4160,8666,70863008,70867235,cudaLaunchKernel_v7000,,"std::enable_if<T2>(int)0&&vllm::_typeConvert<T1>::exists, void>::type vllm::fused_add_rms_norm_kernel<c10::BFloat16, (int)8, (bool)1>(T1 *, long, T1 *, const T1 *, float, int, int, long)",fused_add_rms_norm_kernel
197,82687,82687,1,1,17,77576656,79188883,1612227,8698,71466779,71486584,cuLaunchKernelEx,hidden_restore_comm,ncclDevKernel_AllGather_RING_LL(ncclDevKernelArgsStorage<(unsigned long)4096>),ncclDevKernel_AllGather_RING_LL
198,82686,82686,0,1,17,77690150,77697030,6880,8631,77548007,77558237,cudaLaunchKernel_v7000,scope,"void vllm::act_and_mul_kernel<c10::BFloat16, __nv_bfloat162, &vllm::silu_kernel<c10::BFloat16>, &vllm::packed_silu_kernel<__nv_bfloat162>, (bool)1, (bool)1, (bool)0, (bool)0>(T1 *, const T1 *, int, float, float, float)",act_and_mul_kernel
199,82686,82686,0,1,17,77698502,77794599,96097,8646,77599955,77606035,cuLaunchKernelEx,scope,nvjet_tst_112x128_64x7_2x1_v_bz_splitK_TNN,nvjet_tst_112x128_64x7_2x1_v_bz_splitK_TNN
200,82686,82686,0,1,17,77796263,77802535,6272,8648,77607304,77612895,cudaLaunchKernel_v7000,scope,"void cublasLt::splitKreduce_kernel<(int)32, (int)16, int, float, __nv_bfloat16, float, __nv_bfloat16, (bool)0, float, __nv_bfloat16, __nv_bfloat16, (bool)1, (bool)0, (bool)0, (bool)0>(cublasLt::cublasSplitKParams<T6>, const T4 *, const T10 *, T9 *, T5 *, const T6 *, const T6 *, const T11 *, const T4 *, T11 *, void *, long, T6 *, int *, T6 *, T6 *, const T6 *, const T6 *, const T6 *, const T6 *, const T6 *)",splitKreduce_kernel
201,82686,82686,0,1,17,77808807,77812871,4064,8666,77694781,77701905,cudaLaunchKernel_v7000,,"std::enable_if<T2>(int)0&&vllm::_typeConvert<T1>::exists, void>::type vllm::fused_add_rms_norm_kernel<c10::BFloat16, (int)8, (bool)1>(T1 *, long, T1 *, const T1 *, float, int, int, long)",fused_add_rms_norm_kernel
202,82686,82686,0,1,17,79162921,79190569,27648,8698,79140541,79162950,cuLaunchKernelEx,hidden_restore_comm,ncclDevKernel_AllGather_RING_LL(ncclDevKernelArgsStorage<(unsigned long)4096>),ncclDevKernel_AllGather_RING_LL
203,82687,82687,1,1,17,79197235,79200371,3136,8724,71582354,71589407,cudaLaunchKernel_v7000,,"void at::native::vectorized_gather_kernel<(int)16, long>(char *, char *, T2 *, int, long, long, long, long, bool)",vectorized_gather_kernel
204,82687,82687,1,1,17,79201427,79205907,4480,8737,71619639,71627089,cudaLaunchKernel_v7000,,"void at::native::index_elementwise_kernel<(int)128, (int)4, void at::native::gpu_index_kernel<void at::native::index_kernel_impl<at::native::OpaqueType<(int)2>>(at::TensorIteratorBase &, c10::ArrayRef<long>, c10::ArrayRef<long>)::[lambda(char *, const char *, long) (instance 1)]>(at::TensorIteratorBase &, c10::ArrayRef<long>, c10::ArrayRef<long>, const T1 &, bool)::[lambda(int) (instance 1)]>(long, T3)",index_elementwise_kernel
205,82687,82687,1,1,17,79210355,79864372,654017,8756,71699239,71706388,cuLaunchKernelEx,,nvjet_tst_384x8_64x4_2x1_v_bz_TNT,nvjet_tst_384x8_64x4_2x1_v_bz_TNT
206,82686,82686,0,1,17,79358473,79361993,3520,8724,79344665,79358122,cudaLaunchKernel_v7000,,"void at::native::vectorized_gather_kernel<(int)16, long>(char *, char *, T2 *, int, long, long, long, long, bool)",vectorized_gather_kernel
207,82686,82686,0,1,17,79419401,79423913,4512,8737,79407555,79423616,cudaLaunchKernel_v7000,,"void at::native::index_elementwise_kernel<(int)128, (int)4, void at::native::gpu_index_kernel<void at::native::index_kernel_impl<at::native::OpaqueType<(int)2>>(at::TensorIteratorBase &, c10::ArrayRef<long>, c10::ArrayRef<long>)::[lambda(char *, const char *, long) (instance 1)]>(at::TensorIteratorBase &, c10::ArrayRef<long>, c10::ArrayRef<long>, const T1 &, bool)::[lambda(int) (instance 1)]>(long, T3)",index_elementwise_kernel
208,82686,82686,0,1,17,79562442,80213387,650945,8756,79550351,79562438,cuLaunchKernelEx,,nvjet_tst_384x8_64x4_2x1_v_bz_TNT,nvjet_tst_384x8_64x4_2x1_v_bz_TNT
209,82687,82687,1,1,17,79865844,79869268,3424,8769,71730923,71737018,cudaLaunchKernel_v7000,,"void at::native::index_elementwise_kernel<(int)128, (int)4, void at::native::gpu_index_kernel<void at::native::index_kernel_impl<at::native::OpaqueType<(int)8>>(at::TensorIteratorBase &, c10::ArrayRef<long>, c10::ArrayRef<long>)::[lambda(char *, const char *, long) (instance 1)]>(at::TensorIteratorBase &, c10::ArrayRef<long>, c10::ArrayRef<long>, const T1 &, bool)::[lambda(int) (instance 1)]>(long, T3)",index_elementwise_kernel
210,82687,82687,1,1,17,79870452,79873108,2656,8782,71745542,71750391,cudaLaunchKernel_v7000,,"void at::native::index_elementwise_kernel<(int)128, (int)4, void at::native::gpu_index_kernel<void at::native::index_kernel_impl<at::native::OpaqueType<(int)4>>(at::TensorIteratorBase &, c10::ArrayRef<long>, c10::ArrayRef<long>)::[lambda(char *, const char *, long) (instance 1)]>(at::TensorIteratorBase &, c10::ArrayRef<long>, c10::ArrayRef<long>, const T1 &, bool)::[lambda(int) (instance 1)]>(long, T3)",index_elementwise_kernel
211,82687,82687,1,1,17,79874324,79880884,6560,8811,71904273,71912232,cuLaunchKernelEx,,_gumbel_sample_kernel,_gumbel_sample_kernel
212,82687,82687,1,1,17,79882004,79886868,4864,8822,71931695,71939097,cudaLaunchKernel_v7000,,"void at::native::reduce_kernel<(int)512, (int)1, at::native::ReduceOp<float, at::native::ArgMaxOps<float>, unsigned int, long, (int)4, (int)4>>(T3)",reduce_kernel
213,82687,82687,1,1,17,79887988,79890580,2592,8832,71953854,71959362,cudaLaunchKernel_v7000,,"void at::native::_scatter_gather_elementwise_kernel<(int)128, (int)8, void at::native::_cuda_scatter_gather_internal_kernel<(bool)0, at::native::OpaqueType<(int)8>, long>::operator ()<at::native::TensorAssign>(at::TensorIterator &, long, long, long, const T1 &)::[lambda(int) (instance 1)]>(int, T3)",_scatter_gather_elementwise_kernel
214,82687,82687,1,1,17,79891732,79893076,1344,8845,71976334,71980447,cudaLaunchKernel_v7000,,"void at::native::vectorized_elementwise_kernel<(int)4, at::native::FillFunctor<int>, std::array<char *, (unsigned long)1>>(int, T2, T3)",vectorized_elementwise_kernel
215,82687,82687,1,1,17,79894100,79897108,3008,8864,72013486,72019604,cuLaunchKernelEx,,_get_num_sampled_and_rejected_kernel,_get_num_sampled_and_rejected_kernel
216,82687,82687,1,1,17,79900372,79903956,3584,8928,72177851,72185809,cuLaunchKernelEx,,_post_update_kernel,_post_update_kernel
217,82686,82686,0,1,17,80214731,80218219,3488,8769,79604553,79614268,cudaLaunchKernel_v7000,,"void at::native::index_elementwise_kernel<(int)128, (int)4, void at::native::gpu_index_kernel<void at::native::index_kernel_impl<at::native::OpaqueType<(int)8>>(at::TensorIteratorBase &, c10::ArrayRef<long>, c10::ArrayRef<long>)::[lambda(char *, const char *, long) (instance 1)]>(at::TensorIteratorBase &, c10::ArrayRef<long>, c10::ArrayRef<long>, const T1 &, bool)::[lambda(int) (instance 1)]>(long, T3)",index_elementwise_kernel
218,82686,82686,0,1,17,80219435,80222091,2656,8782,79630142,79637523,cudaLaunchKernel_v7000,,"void at::native::index_elementwise_kernel<(int)128, (int)4, void at::native::gpu_index_kernel<void at::native::index_kernel_impl<at::native::OpaqueType<(int)4>>(at::TensorIteratorBase &, c10::ArrayRef<long>, c10::ArrayRef<long>)::[lambda(char *, const char *, long) (instance 1)]>(at::TensorIteratorBase &, c10::ArrayRef<long>, c10::ArrayRef<long>, const T1 &, bool)::[lambda(int) (instance 1)]>(long, T3)",index_elementwise_kernel
219,82686,82686,0,1,17,80223339,80229675,6336,8811,79878210,79891464,cuLaunchKernelEx,,_gumbel_sample_kernel,_gumbel_sample_kernel
220,82686,82686,0,1,17,80230891,80235787,4896,8822,79921353,79932595,cudaLaunchKernel_v7000,,"void at::native::reduce_kernel<(int)512, (int)1, at::native::ReduceOp<float, at::native::ArgMaxOps<float>, unsigned int, long, (int)4, (int)4>>(T3)",reduce_kernel
221,82686,82686,0,1,17,80236875,80239531,2656,8832,79955834,79962983,cudaLaunchKernel_v7000,,"void at::native::_scatter_gather_elementwise_kernel<(int)128, (int)8, void at::native::_cuda_scatter_gather_internal_kernel<(bool)0, at::native::OpaqueType<(int)8>, long>::operator ()<at::native::TensorAssign>(at::TensorIterator &, long, long, long, const T1 &)::[lambda(int) (instance 1)]>(int, T3)",_scatter_gather_elementwise_kernel
222,82686,82686,0,1,17,80240619,80242027,1408,8845,79990376,79997044,cudaLaunchKernel_v7000,,"void at::native::vectorized_elementwise_kernel<(int)4, at::native::FillFunctor<int>, std::array<char *, (unsigned long)1>>(int, T2, T3)",vectorized_elementwise_kernel
223,82686,82686,0,1,17,80242987,80245963,2976,8864,80053950,80063419,cuLaunchKernelEx,,_get_num_sampled_and_rejected_kernel,_get_num_sampled_and_rejected_kernel
224,82686,82686,0,1,17,80349387,80353835,4448,8928,80338909,80348663,cuLaunchKernelEx,,_post_update_kernel,_post_update_kernel
